Player,Pos,Age,Tm,G,GS,MP,FG,FGA,FG%,3P,3PA,3P%,2P,2PA,2P%,eFG%,FT,FTA,FT%,ORB,DRB,TRB,AST,STL,BLK,TOV,PF,PTS
Precious Achiuwa,PF,21,MIA,37,2,13.5,2.3,4.0,.585,0.0,0.0,,2.3,4.0,.585,.585,1.2,2.2,.530,1.3,2.6,3.9,0.5,0.4,0.5,0.9,1.6,5.8
Jaylen Adams,PG,24,MIL,7,0,2.6,0.1,1.1,.125,0.0,0.3,.000,0.1,0.9,.167,.125,0.0,0.0,,0.0,0.4,0.4,0.3,0.0,0.0,0.0,0.1,0.3
Steven Adams,C,27,NOP,35,35,27.6,3.6,5.8,.624,0.0,0.1,.000,3.6,5.7,.630,.624,1.0,2.3,.444,4.1,5.1,9.2,2.0,0.9,0.6,1.5,1.9,8.2
Bam Adebayo,C,23,MIA,33,33,33.9,7.2,12.7,.563,0.1,0.2,.333,7.1,12.5,.567,.566,4.8,5.7,.847,2.2,7.3,9.5,5.4,0.9,1.0,3.0,2.4,19.2
LaMarcus Aldridge,C,35,SAS,21,18,25.9,5.5,11.8,.464,1.3,3.6,.360,4.2,8.2,.509,.518,1.5,1.8,.838,0.8,3.7,4.5,1.7,0.4,0.9,1.0,1.7,13.7
Ty-Shon Alexander,SG,22,PHO,3,0,2.7,0.0,1.0,.000,0.0,0.3,.000,0.0,0.7,.000,.000,0.0,0.0,,0.0,0.3,0.3,0.3,0.0,0.0,0.0,0.3,0.0
Nickeil Alexander-Walker,SG,22,NOP,30,3,18.1,3.2,7.8,.410,1.1,3.5,.302,2.1,4.3,.500,.479,1.0,1.3,.816,0.2,2.4,2.6,2.0,0.9,0.3,1.2,1.7,8.5
Grayson Allen,SG,25,MEM,23,12,24.0,2.9,7.1,.409,2.0,4.9,.407,0.9,2.2,.412,.549,1.5,1.7,.895,0.3,2.5,2.8,2.2,1.0,0.1,0.9,1.3,9.3
Jarrett Allen,C,22,TOT,36,18,28.1,4.8,7.3,.662,0.1,0.2,.500,4.7,7.1,.667,.669,3.4,4.7,.738,3.1,6.7,9.8,1.7,0.5,1.7,1.5,1.6,13.2
Al-Farouq Aminu,PF,30,ORL,11,8,18.9,1.6,4.8,.340,0.5,1.8,.300,1.1,3.0,.364,.396,0.8,1.0,.818,1.0,3.4,4.4,1.5,1.0,0.5,1.1,1.0,4.6
Kyle Anderson,PF,27,MEM,32,32,27.2,4.8,10.1,.472,1.5,3.9,.373,3.3,6.1,.536,.545,2.1,2.7,.767,0.9,5.2,6.0,3.4,1.1,0.7,1.4,1.8,13.0
Giannis Antetokounmpo,PF,26,MIL,37,37,33.9,10.5,18.7,.561,1.1,3.8,.296,9.4,14.9,.629,.591,6.9,10.2,.672,1.9,9.7,11.6,6.1,1.2,1.4,3.6,3.0,29.0
Kostas Antetokounmpo,PF,23,LAL,3,0,6.3,0.3,1.0,.333,0.0,0.0,,0.3,1.0,.333,.333,0.3,0.7,.500,0.7,2.0,2.7,0.0,0.3,0.7,1.7,1.0,1.0
Thanasis Antetokounmpo,SF,28,MIL,28,0,8.6,1.0,1.7,.596,0.1,0.3,.222,0.9,1.4,.684,.617,0.2,0.5,.462,1.0,1.1,2.0,0.6,0.3,0.2,0.7,1.2,2.3
Carmelo Anthony,PF,36,POR,36,3,25.7,4.9,11.9,.416,1.8,4.6,.388,3.2,7.3,.433,.491,2.5,2.9,.856,0.6,2.7,3.3,1.6,0.9,0.8,1.1,2.2,14.1
Cole Anthony,PG,20,ORL,25,17,26.7,4.0,10.8,.375,1.1,3.3,.325,3.0,7.4,.398,.426,1.8,2.2,.836,0.8,3.6,4.4,3.8,0.7,0.4,2.0,2.0,11.0
OG Anunoby,SF,23,TOR,23,23,33.4,5.0,10.3,.479,2.1,5.4,.395,2.8,5.0,.570,.582,1.7,2.3,.755,1.4,4.3,5.7,1.7,1.6,0.7,1.7,2.8,13.8
Ryan Arcidiacono,PG,26,CHI,19,0,10.8,1.1,2.7,.404,0.6,1.7,.333,0.5,1.0,.526,.510,0.4,0.5,.889,0.1,1.7,1.8,1.2,0.3,0.0,0.3,0.8,3.2
D.J. Augustin,PG,33,MIL,36,6,19.4,1.9,5.2,.367,1.3,3.5,.381,0.6,1.7,.339,.495,1.0,1.1,.900,0.3,1.1,1.4,3.0,0.6,0.0,0.9,0.8,6.2
Deni Avdija,SF,20,WAS,33,17,22.2,2.4,5.5,.436,1.1,3.1,.347,1.3,2.4,.550,.533,0.3,0.6,.579,0.4,4.3,4.7,1.3,0.7,0.2,0.8,2.6,6.2
Deandre Ayton,C,22,PHO,37,37,30.8,6.2,10.4,.597,0.1,0.5,.235,6.1,9.9,.614,.603,1.8,2.5,.720,3.4,7.9,11.2,1.6,0.4,1.1,1.7,3.1,14.4
Udoka Azubuike,C,21,UTA,12,0,4.1,0.3,0.6,.571,0.0,0.0,,0.3,0.6,.571,.571,0.3,0.5,.667,0.3,0.8,1.1,0.0,0.1,0.3,0.3,0.7,1.0
Dwayne Bacon,SG,25,ORL,38,25,25.0,3.9,9.5,.408,1.1,3.0,.348,2.8,6.4,.437,.464,1.7,2.0,.844,0.3,2.5,2.8,1.1,0.6,0.1,0.7,1.6,10.5
Marvin Bagley III,PF,21,SAC,36,36,26.0,5.6,11.3,.499,0.9,2.6,.362,4.7,8.7,.540,.541,1.7,3.0,.560,2.5,5.1,7.6,1.0,0.5,0.5,1.4,2.5,13.9
LaMelo Ball,PG,19,CHO,37,17,28.9,5.7,12.7,.449,2.1,5.4,.387,3.6,7.3,.494,.531,2.3,2.8,.808,1.5,4.6,6.1,6.4,1.6,0.4,2.9,2.7,15.8
Lonzo Ball,PG,23,NOP,35,35,31.5,5.1,12.2,.418,2.9,7.7,.381,2.2,4.5,.481,.539,0.9,1.2,.762,0.6,3.5,4.1,5.2,1.3,0.6,2.0,2.0,14.1
Mo Bamba,C,22,ORL,19,0,10.2,2.1,4.1,.500,0.4,1.4,.308,1.6,2.7,.596,.551,0.4,0.6,.583,1.2,2.9,4.1,0.3,0.2,0.9,0.4,1.4,4.9
Desmond Bane,SG,22,MEM,30,8,22.9,3.7,7.6,.485,1.8,3.9,.458,1.9,3.6,.514,.604,0.8,0.9,.889,0.4,2.5,2.9,1.3,0.7,0.1,1.1,2.0,9.9
Harrison Barnes,PF,28,SAC,35,35,35.7,5.6,11.4,.492,1.6,4.3,.376,4.0,7.1,.562,.563,3.9,4.7,.823,1.0,5.2,6.2,3.5,0.8,0.2,1.5,1.4,16.7
RJ Barrett,SG,20,NYK,39,39,33.1,6.5,14.4,.452,1.2,3.4,.359,5.3,11.1,.480,.494,2.8,3.9,.730,1.2,4.7,5.9,2.9,0.7,0.2,1.9,2.6,17.1
Will Barton,SF,30,DEN,35,31,30.1,4.7,10.5,.448,1.7,4.3,.403,3.0,6.2,.479,.530,1.1,1.5,.750,0.6,3.4,4.0,3.1,0.8,0.4,1.7,1.6,12.2
Keita Bates-Diop,SF,25,SAS,15,0,7.4,0.7,2.1,.355,0.3,0.9,.357,0.4,1.1,.353,.435,0.5,0.5,.875,0.3,0.9,1.3,0.5,0.4,0.1,0.1,0.3,2.3
Nicolas Batum,SF,32,LAC,36,36,29.1,3.1,6.5,.474,1.9,4.4,.443,1.1,2.1,.539,.624,0.8,1.0,.833,0.8,3.9,4.7,2.4,1.2,0.4,0.8,1.8,8.9
Aron Baynes,C,34,TOR,35,28,19.7,2.7,6.2,.427,0.5,2.1,.243,2.1,4.1,.521,.468,0.5,0.7,.750,1.8,3.8,5.6,1.0,0.3,0.4,0.9,2.4,6.3
Kent Bazemore,SF,31,GSW,36,1,16.8,2.4,5.0,.472,1.1,2.6,.424,1.3,2.4,.523,.581,0.7,1.0,.722,0.4,2.5,2.9,1.6,0.9,0.5,1.1,2.2,6.5
Darius Bazley,PF,20,OKC,36,36,30.7,4.4,11.2,.392,1.5,5.2,.290,2.9,6.0,.479,.459,1.6,2.3,.704,0.6,6.9,7.5,1.5,0.5,0.6,1.8,0.9,11.9
Bradley Beal,SG,27,WAS,34,34,35.5,11.2,23.5,.478,2.2,6.8,.329,9.0,16.7,.539,.526,7.4,8.3,.900,1.3,4.0,5.3,4.6,1.4,0.4,3.2,2.4,32.1
Malik Beasley,SG,24,MIN,33,32,33.1,7.6,16.7,.455,3.5,8.7,.406,4.1,8.0,.508,.560,1.8,2.2,.847,0.8,3.8,4.6,2.5,0.8,0.2,1.6,1.6,20.5
Jordan Bell,C,26,WAS,3,1,16.7,1.7,5.0,.333,0.0,0.7,.000,1.7,4.3,.385,.333,0.0,0.0,,1.7,3.7,5.3,1.7,0.3,1.0,1.0,1.3,3.3
DeAndre' Bembry,SF,26,TOR,29,7,17.4,2.0,3.6,.558,0.3,0.9,.346,1.7,2.7,.628,.601,0.5,0.8,.682,0.4,1.8,2.2,2.0,0.7,0.3,1.1,1.7,4.8
Dāvis Bertāns,PF,28,WAS,32,3,25.4,3.3,8.5,.388,2.9,7.5,.382,0.4,1.0,.438,.557,1.8,2.1,.853,0.4,2.6,3.0,0.9,0.6,0.2,0.6,2.5,11.3
Patrick Beverley,PG,32,LAC,29,29,23.8,2.8,6.2,.442,1.7,4.1,.420,1.0,2.1,.484,.580,1.1,1.3,.795,0.9,2.8,3.7,2.1,0.9,0.8,0.9,3.1,8.3
Saddiq Bey,SF,21,DET,36,19,23.2,3.2,8.0,.403,2.2,5.6,.388,1.1,2.4,.437,.538,1.5,1.7,.855,0.5,3.4,3.9,1.1,0.6,0.1,0.6,1.5,10.1
Tyler Bey,SF,22,DAL,5,0,2.8,0.4,1.0,.400,0.0,0.0,,0.4,1.0,.400,.400,0.4,0.8,.500,0.4,0.4,0.8,0.0,0.0,0.2,0.0,0.4,1.2
Khem Birch,C,28,ORL,37,1,20.2,2.1,4.4,.475,0.1,0.4,.250,2.0,3.9,.500,.488,1.4,1.9,.739,2.6,2.9,5.5,1.0,0.6,0.7,0.6,1.5,5.6
Goga Bitadze,C,21,IND,18,0,8.9,1.4,2.9,.481,0.2,1.0,.167,1.2,1.9,.647,.510,0.7,0.8,.800,0.8,1.2,1.9,0.3,0.2,0.8,0.4,1.5,3.6
Bismack Biyombo,C,28,CHO,35,19,22.0,2.3,4.1,.552,0.0,0.0,.000,2.3,4.1,.556,.552,0.9,1.8,.484,2.1,3.3,5.5,1.4,0.3,1.1,1.0,2.4,5.4
Nemanja Bjelica,PF,32,SAC,21,1,17.7,2.9,6.1,.477,0.7,2.2,.326,2.2,3.9,.561,.535,1.5,1.9,.800,1.0,3.0,4.0,2.1,0.3,0.1,1.1,2.0,8.0
Eric Bledsoe,SG,31,NOP,37,36,29.2,4.3,10.1,.424,1.9,4.9,.377,2.4,5.2,.469,.516,1.5,2.2,.679,0.4,3.0,3.4,3.8,0.8,0.3,1.6,1.5,11.9
Keljin Blevins,SF,25,POR,9,0,5.2,0.2,1.2,.182,0.0,0.4,.000,0.2,0.8,.286,.182,0.0,0.0,,0.0,0.2,0.2,0.4,0.2,0.0,0.3,0.4,0.4
Bogdan Bogdanović,SG,28,ATL,13,2,22.1,2.8,8.4,.339,1.8,5.9,.299,1.1,2.5,.438,.445,0.9,1.0,.923,0.3,3.2,3.5,2.2,0.5,0.2,1.1,1.8,8.4
Bojan Bogdanović,SF,31,UTA,37,37,30.6,5.2,12.0,.429,2.7,6.7,.403,2.5,5.3,.462,.542,2.7,3.1,.853,0.5,3.4,3.9,2.0,0.5,0.1,1.4,1.6,15.7
Bol Bol,PF,21,DEN,16,2,5.4,0.8,1.5,.500,0.4,0.7,.545,0.4,0.8,.462,.625,0.1,0.1,.500,0.0,0.8,0.8,0.3,0.1,0.3,0.5,0.6,1.9
Marques Bolden,C,22,CLE,6,0,4.8,0.2,0.5,.333,0.0,0.0,,0.2,0.5,.333,.333,0.8,1.3,.625,0.5,0.5,1.0,0.0,0.3,0.3,0.3,0.0,1.2
Jordan Bone,PG,23,ORL,14,0,14.0,1.6,3.9,.426,0.7,2.3,.313,0.9,1.6,.591,.519,0.0,0.0,,0.3,1.4,1.7,1.3,0.1,0.0,0.2,0.8,4.0
Isaac Bonga,SF,21,WAS,24,7,11.9,0.8,2.0,.367,0.5,1.3,.355,0.3,0.8,.389,.480,0.1,0.2,.750,0.4,1.5,2.0,0.5,0.3,0.2,0.5,1.5,2.1
Devin Booker,SG,24,PHO,33,33,34.0,9.2,18.6,.497,2.0,5.6,.362,7.2,13.0,.555,.551,4.5,5.4,.843,0.2,3.5,3.7,4.6,0.8,0.3,3.5,2.9,25.1
Chris Boucher,C,28,TOR,38,2,24.0,4.9,9.1,.536,1.7,3.8,.441,3.2,5.4,.603,.627,2.6,3.4,.775,1.9,4.7,6.6,1.0,0.6,1.9,0.7,2.7,14.1
Brian Bowen,SF,22,IND,1,0,5.0,1.0,2.0,.500,0.0,0.0,,1.0,2.0,.500,.500,1.0,1.0,1.000,0.0,1.0,1.0,0.0,0.0,0.0,0.0,0.0,3.0
Avery Bradley,SG,30,MIA,10,1,21.1,3.1,6.6,.470,1.6,3.8,.421,1.5,2.8,.536,.591,0.7,0.9,.778,0.2,1.6,1.8,1.4,0.7,0.1,0.9,2.6,8.5
Tony Bradley,C,23,PHI,14,2,11.3,2.3,3.6,.640,0.0,0.1,.000,2.3,3.5,.653,.640,0.2,0.4,.600,1.7,2.4,4.1,0.5,0.2,0.7,0.1,1.0,4.8
Jarrell Brantley,PF,24,UTA,10,0,2.8,0.4,1.0,.400,0.3,0.7,.429,0.1,0.3,.333,.550,0.0,0.0,,0.2,0.5,0.7,0.0,0.1,0.1,0.1,0.4,1.1
Ignas Brazdeikis,SF,22,NYK,4,0,1.8,0.0,0.3,.000,0.0,0.0,,0.0,0.3,.000,.000,0.5,0.5,1.000,0.3,0.3,0.5,0.3,0.0,0.0,0.3,0.0,0.5
Mikal Bridges,SF,24,PHO,37,37,32.5,5.0,9.5,.531,1.9,4.4,.421,3.2,5.0,.629,.630,1.9,2.2,.843,1.3,3.6,4.9,2.2,0.7,0.9,0.8,1.5,13.8
Miles Bridges,PF,22,CHO,37,2,26.4,3.7,7.5,.491,1.2,3.3,.374,2.4,4.2,.584,.574,1.1,1.2,.932,1.3,4.5,5.8,2.0,0.7,0.7,1.7,2.3,9.7
Malcolm Brogdon,PG,28,IND,36,36,35.6,8.2,18.1,.453,2.5,6.4,.391,5.7,11.8,.487,.522,2.6,2.9,.886,0.8,4.0,4.7,6.2,1.2,0.2,2.2,2.0,21.5
Dillon Brooks,SF,25,MEM,31,31,29.2,6.1,15.2,.399,1.9,5.7,.333,4.2,9.5,.439,.462,1.8,2.2,.824,0.9,2.2,3.1,2.6,1.4,0.5,2.2,3.3,15.8
Bruce Brown,PG,24,BRK,35,22,21.0,3.5,6.2,.560,0.3,1.0,.257,3.2,5.2,.619,.581,1.1,1.6,.709,1.5,3.0,4.5,1.4,0.7,0.3,0.8,2.1,8.3
Jaylen Brown,SG,24,BOS,34,34,34.0,9.1,18.8,.485,2.3,6.1,.380,6.8,12.7,.536,.547,3.8,4.9,.768,1.1,4.4,5.6,4.0,1.2,0.5,2.9,2.8,24.4
Moses Brown,C,21,OKC,9,0,8.6,1.6,2.6,.609,0.0,0.0,,1.6,2.6,.609,.609,1.1,2.0,.556,1.2,2.8,4.0,0.3,0.2,0.7,0.3,1.1,4.2
Sterling Brown,SG,25,HOU,34,4,23.0,2.8,6.4,.434,1.6,4.1,.397,1.1,2.3,.500,.562,0.4,0.4,.933,0.8,3.6,4.3,1.7,0.9,0.2,0.8,2.0,7.6
Troy Brown Jr.,SF,21,WAS,20,0,13.6,1.5,4.2,.357,0.6,2.2,.273,0.9,2.0,.450,.429,0.5,0.8,.667,0.6,2.5,3.0,0.9,0.2,0.2,0.8,1.4,4.1
Jalen Brunson,PG,24,DAL,33,8,25.1,4.7,8.8,.531,1.3,3.3,.398,3.4,5.6,.609,.604,2.2,2.7,.822,0.2,3.3,3.5,3.4,0.5,0.0,1.2,1.5,12.9
Thomas Bryant,C,23,WAS,10,10,27.1,5.9,9.1,.648,0.9,2.1,.429,5.0,7.0,.714,.698,1.6,2.4,.667,1.8,4.3,6.1,1.5,0.4,0.8,1.1,3.1,14.3
Reggie Bullock,SF,29,NYK,34,34,26.4,3.1,7.7,.405,1.8,4.9,.370,1.3,2.9,.464,.521,0.6,0.8,.846,0.3,3.0,3.3,1.3,0.6,0.2,0.7,2.2,8.7
Trey Burke,PG,28,DAL,36,0,16.0,2.7,6.1,.443,1.2,3.1,.384,1.5,3.0,.505,.541,0.8,0.9,.871,0.1,0.8,0.9,1.6,0.6,0.1,0.5,1.2,7.3
Alec Burks,SG,29,NYK,27,3,24.9,3.9,9.5,.409,1.8,4.7,.389,2.1,4.9,.427,.504,1.9,2.2,.850,0.5,3.8,4.3,2.2,0.7,0.2,1.1,1.9,11.5
Jimmy Butler,SF,31,MIA,24,24,33.3,6.7,14.5,.461,0.4,1.6,.231,6.3,12.9,.490,.474,7.3,8.7,.846,1.9,5.5,7.4,8.0,2.0,0.4,2.3,1.3,21.1
Bruno Caboclo,PF,25,HOU,6,0,6.0,1.3,2.8,.471,0.0,0.8,.000,1.3,2.0,.667,.471,0.2,0.3,.500,0.5,1.8,2.3,0.2,0.0,0.3,0.7,1.0,2.8
Devontae Cacok,PF,24,LAL,4,0,4.3,1.0,1.0,1.000,0.0,0.0,,1.0,1.0,1.000,1.000,0.0,0.5,.000,0.3,1.0,1.3,0.0,0.5,0.0,0.5,0.0,2.0
Kentavious Caldwell-Pope,SG,27,LAL,34,34,26.2,2.9,6.8,.435,1.5,3.8,.395,1.4,3.0,.485,.546,1.2,1.4,.857,0.5,2.0,2.4,1.4,0.8,0.3,1.0,1.6,8.6
Facundo Campazzo,PG,29,DEN,32,1,16.7,1.7,4.2,.400,1.1,2.9,.372,0.6,1.3,.463,.530,0.9,1.2,.811,0.2,0.9,1.1,2.3,0.9,0.2,0.8,1.9,5.4
Vlatko Čančar,PF,23,DEN,21,0,6.1,0.5,1.4,.379,0.1,0.7,.200,0.4,0.7,.571,.431,0.2,0.3,.833,0.2,1.1,1.3,0.3,0.3,0.1,0.4,0.5,1.4
Clint Capela,C,26,ATL,34,34,29.5,6.5,10.9,.597,0.0,0.0,,6.5,10.9,.597,.597,1.8,3.3,.531,5.1,9.2,14.3,0.9,0.7,2.3,1.4,2.3,14.8
Vernon Carey Jr.,C,19,CHO,4,0,2.8,0.3,0.8,.333,0.0,0.3,.000,0.3,0.5,.500,.333,0.3,0.5,.500,0.5,0.8,1.3,0.3,0.0,0.3,0.3,0.0,0.8
Jevon Carter,PG,25,PHO,30,0,9.8,1.0,2.9,.360,0.6,2.0,.305,0.4,0.9,.481,.465,0.1,0.1,1.000,0.1,1.1,1.2,1.2,0.4,0.2,0.2,1.0,2.7
Wendell Carter Jr.,C,21,CHI,25,25,26.2,4.4,8.4,.521,0.3,0.8,.333,4.1,7.6,.542,.538,2.7,3.6,.744,2.2,5.7,7.9,2.2,0.6,0.8,1.8,3.2,11.8
Michael Carter-Williams,SG,29,ORL,19,14,26.3,3.6,8.8,.405,0.5,1.8,.257,3.1,7.0,.444,.432,1.6,2.1,.750,1.5,3.2,4.7,4.2,0.6,0.5,2.3,3.0,9.2
Alex Caruso,PG,26,LAL,30,0,19.5,2.1,4.9,.432,0.9,2.3,.400,1.2,2.5,.461,.527,0.6,0.8,.720,0.6,2.2,2.7,2.4,1.0,0.2,1.1,1.7,5.7
Willie Cauley-Stein,C,27,DAL,33,11,17.3,2.3,3.6,.625,0.0,0.2,.143,2.2,3.4,.655,.629,0.9,1.5,.646,1.2,3.2,4.4,0.8,0.3,0.8,0.5,2.3,5.5
Chris Chiozza,PG,25,BRK,15,0,9.1,1.1,3.1,.362,0.6,1.5,.391,0.5,1.6,.333,.457,0.7,0.9,.769,0.2,0.9,1.1,2.4,0.3,0.3,0.7,0.7,3.5
Marquese Chriss,PF,23,GSW,2,0,13.5,2.5,7.0,.357,0.5,2.5,.200,2.0,4.5,.444,.393,1.0,2.0,.500,1.5,5.0,6.5,1.0,0.0,1.0,1.0,1.5,6.5
Gary Clark,SF,26,ORL,32,11,19.2,1.2,4.0,.305,0.9,3.3,.283,0.3,0.7,.409,.422,0.3,0.3,.800,1.0,2.3,3.3,0.9,0.4,0.2,0.5,1.0,3.6
Brandon Clarke,PF,24,MEM,29,16,26.9,5.2,10.0,.521,0.6,1.8,.333,4.6,8.2,.561,.550,1.3,1.9,.673,1.6,4.2,5.8,1.6,1.2,0.7,0.6,1.6,12.3
Jordan Clarkson,SG,28,UTA,37,0,25.9,6.6,14.6,.448,3.2,8.5,.370,3.4,6.1,.558,.556,1.6,1.6,.967,0.9,3.1,3.9,2.2,0.9,0.2,1.8,1.5,17.9
Nicolas Claxton,C,21,BRK,7,0,15.9,3.6,5.4,.658,0.0,0.3,.000,3.6,5.1,.694,.658,1.7,2.7,.632,0.7,2.7,3.4,1.0,0.9,1.4,0.6,1.9,8.9
Amir Coffey,SG,23,LAC,21,0,7.9,1.0,2.1,.467,0.5,1.1,.458,0.5,1.0,.476,.589,0.2,0.5,.455,0.2,0.6,0.8,0.4,0.2,0.0,0.4,0.5,2.8
John Collins,PF,23,ATL,38,38,30.5,6.9,12.9,.530,1.3,3.6,.370,5.6,9.4,.591,.581,2.7,3.2,.846,2.1,5.4,7.6,1.4,0.4,1.0,1.4,3.3,17.8
Mike Conley,PG,33,UTA,30,30,29.5,5.6,12.5,.451,2.8,6.6,.424,2.8,5.9,.480,.563,2.1,2.6,.831,0.9,2.5,3.5,5.6,1.4,0.1,1.9,1.9,16.2
Pat Connaughton,SG,28,MIL,35,0,21.2,2.4,5.4,.441,1.4,3.7,.391,0.9,1.7,.550,.574,0.4,0.5,.824,0.9,3.3,4.2,1.4,0.7,0.4,0.4,1.6,6.6
Quinn Cook,PG,27,TOT,17,0,4.6,1.0,2.0,.500,0.5,1.0,.471,0.5,1.0,.529,.618,0.2,0.3,.800,0.1,0.5,0.5,0.4,0.1,0.1,0.2,0.1,2.7
Tyler Cook,PF,23,BRK,4,0,4.3,0.3,0.8,.333,0.0,0.0,,0.3,0.8,.333,.333,0.0,0.0,,0.3,0.3,0.5,0.5,0.0,0.0,0.3,0.5,0.5
DeMarcus Cousins,C,30,HOU,25,11,20.2,3.2,8.4,.376,1.6,4.6,.336,1.6,3.8,.426,.469,1.8,2.4,.746,1.2,6.4,7.6,2.4,0.8,0.7,1.6,3.0,9.6
Robert Covington,PF,30,POR,35,35,32.0,2.8,7.4,.384,1.8,5.2,.348,1.0,2.2,.468,.506,0.7,0.8,.821,0.8,5.8,6.6,1.7,1.6,1.2,1.2,2.5,8.1
Torrey Craig,SF,30,MIL,18,0,11.2,1.0,2.6,.391,0.4,1.2,.364,0.6,1.3,.417,.478,0.1,0.1,.500,0.7,1.7,2.4,0.9,0.5,0.4,0.3,1.3,2.5
Jae Crowder,PF,30,PHO,34,19,27.4,3.4,8.4,.401,2.4,6.3,.376,1.0,2.2,.473,.540,0.9,1.0,.829,0.4,4.6,5.0,2.1,0.8,0.2,0.9,1.8,10.0
Jarrett Culver,SG,21,MIN,19,7,19.8,2.8,6.7,.422,0.4,1.8,.229,2.4,4.9,.495,.453,1.1,1.8,.600,1.6,3.2,4.7,0.8,0.6,0.4,1.2,2.1,7.2
Seth Curry,SG,30,PHI,30,30,29.7,4.4,9.6,.458,1.9,4.5,.433,2.5,5.1,.481,.559,1.8,1.9,.931,0.2,1.9,2.1,2.9,0.9,0.3,1.5,1.7,12.5
Stephen Curry,PG,32,GSW,36,36,33.9,9.7,20.4,.475,4.7,11.6,.406,5.0,8.8,.568,.591,5.1,5.5,.930,0.5,4.9,5.4,6.2,1.3,0.1,3.1,1.8,29.3
Nate Darling,SG,22,CHO,1,0,4.0,0.0,1.0,.000,0.0,1.0,.000,0.0,0.0,,.000,0.0,0.0,,0.0,0.0,0.0,0.0,0.0,0.0,0.0,0.0,0.0
Anthony Davis,PF,27,LAL,23,23,32.8,8.9,16.7,.533,0.7,2.5,.293,8.1,14.1,.575,.555,4.0,5.7,.715,2.0,6.3,8.4,3.0,1.3,1.8,2.0,1.8,22.5
Ed Davis,C,31,MIN,19,7,13.9,0.9,2.3,.419,0.0,0.0,,0.9,2.3,.419,.419,0.4,0.4,.875,2.0,3.1,5.1,1.0,0.5,0.5,0.3,2.6,2.3
Terence Davis,SG,23,TOR,32,3,14.5,2.6,6.2,.422,1.3,3.6,.365,1.3,2.6,.500,.528,0.5,0.6,.889,0.3,1.7,1.9,1.1,0.5,0.2,0.8,1.5,7.1
DeMar DeRozan,PF,31,SAS,30,30,33.9,6.9,14.0,.490,0.6,1.8,.321,6.3,12.2,.515,.511,6.0,6.8,.882,0.7,4.0,4.7,7.3,1.0,0.3,1.7,2.0,20.3
Mamadi Diakite,PF,24,MIL,1,0,5.0,1.0,2.0,.500,0.0,0.0,,1.0,2.0,.500,.500,0.0,0.0,,0.0,2.0,2.0,2.0,0.0,1.0,0.0,2.0,2.0
Hamidou Diallo,SG,22,OKC,32,5,23.8,4.5,9.3,.481,0.4,1.3,.293,4.1,8.0,.512,.502,2.6,4.1,.629,1.2,4.0,5.2,2.4,1.0,0.4,1.5,2.6,11.9
Gorgui Dieng,C,31,MEM,22,1,16.9,2.5,4.9,.519,1.0,2.2,.479,1.5,2.7,.550,.625,1.7,2.0,.884,1.3,3.2,4.5,1.3,0.8,0.6,1.0,1.7,7.9
Spencer Dinwiddie,SG,27,BRK,3,3,21.3,2.0,5.3,.375,0.7,2.3,.286,1.3,3.0,.444,.438,2.0,2.0,1.000,0.0,4.3,4.3,3.0,0.7,0.3,1.7,1.3,6.7
Donte DiVincenzo,SG,24,MIL,38,38,26.6,3.9,9.3,.416,1.8,4.9,.378,2.0,4.4,.458,.516,0.7,1.1,.650,1.2,3.8,5.0,2.9,1.1,0.2,1.3,1.4,10.3
Luka Dončić,PG,21,DAL,34,34,35.2,9.9,20.7,.476,2.6,7.6,.349,7.2,13.1,.549,.540,5.9,7.8,.754,0.8,7.6,8.4,9.1,0.9,0.6,4.2,2.1,28.2
Luguentz Dort,SG,21,OKC,37,37,29.7,4.2,10.9,.386,1.9,5.9,.329,2.2,4.9,.454,.475,2.1,2.7,.780,0.7,2.9,3.6,1.6,0.8,0.3,1.5,2.4,12.4
Damyean Dotson,SG,26,CLE,31,6,18.7,2.5,6.5,.393,0.9,3.4,.274,1.6,3.1,.526,.465,0.6,0.9,.714,0.1,1.7,1.9,2.2,0.4,0.1,0.8,0.9,6.7
Devon Dotson,PG,21,CHI,1,0,10.0,2.0,4.0,.500,0.0,0.0,,2.0,4.0,.500,.500,0.0,0.0,,0.0,1.0,1.0,0.0,0.0,0.0,0.0,1.0,4.0
Sekou Doumbouya,PF,20,DET,34,2,13.1,1.5,4.1,.355,0.4,1.8,.250,1.0,2.4,.432,.408,0.6,0.8,.731,0.5,1.7,2.2,0.6,0.4,0.1,0.6,1.5,3.9
PJ Dozier,SG,24,DEN,23,0,19.7,2.7,6.1,.436,1.0,2.5,.379,1.7,3.6,.476,.514,1.0,1.7,.605,0.8,3.0,3.9,1.6,0.5,0.6,0.7,1.7,7.3
Goran Dragić,PG,34,MIA,24,8,27.3,5.4,11.6,.462,1.8,4.6,.378,3.6,7.0,.518,.538,2.5,3.0,.836,0.3,3.0,3.3,4.8,0.5,0.2,2.8,2.5,15.0
Andre Drummond,C,27,CLE,25,25,28.9,7.2,15.2,.474,0.0,0.3,.000,7.2,14.9,.484,.474,3.1,5.2,.597,4.0,9.4,13.5,2.6,1.6,1.2,3.2,2.8,17.5
Jared Dudley,PF,35,LAL,11,0,6.9,0.2,0.6,.286,0.2,0.5,.400,0.0,0.2,.000,.429,0.0,0.0,,0.4,1.4,1.7,0.5,0.1,0.1,0.2,0.6,0.5
Kevin Durant,PF,32,BRK,19,18,35.7,9.9,18.9,.524,2.6,5.9,.434,7.3,12.9,.565,.592,6.6,7.6,.869,0.4,6.9,7.3,5.3,0.7,1.4,3.5,2.3,29.0
Anthony Edwards,SG,19,MIN,38,21,29.3,5.7,15.2,.376,1.9,6.2,.308,3.8,8.9,.424,.439,2.0,2.6,.794,0.7,3.4,4.1,2.5,0.9,0.4,1.9,1.6,15.4
Carsen Edwards,SG,22,BOS,14,1,10.5,2.1,4.5,.460,0.8,2.4,.324,1.3,2.1,.621,.548,0.5,0.6,.778,0.1,0.9,1.0,0.4,0.3,0.1,0.1,1.1,5.4
CJ Elleby,SF,20,POR,13,0,8.1,1.1,2.4,.452,0.4,1.5,.263,0.7,0.9,.750,.532,0.5,0.7,.667,0.3,0.8,1.1,0.2,0.3,0.2,0.2,1.4,3.0
Henry Ellenson,F,24,TOR,1,0,18.0,4.0,9.0,.444,1.0,5.0,.200,3.0,4.0,.750,.500,0.0,0.0,,3.0,6.0,9.0,3.0,0.0,0.0,0.0,3.0,9.0
Wayne Ellington,SG,33,DET,30,25,23.2,3.6,8.1,.446,2.7,6.4,.422,0.9,1.7,.540,.614,0.7,0.9,.741,0.3,1.5,1.8,1.4,0.4,0.2,0.7,1.5,10.6
Joel Embiid,C,26,PHI,31,31,32.6,9.5,18.0,.525,1.2,2.9,.422,8.2,15.1,.545,.559,9.8,11.4,.859,2.2,9.3,11.5,3.3,1.2,1.4,3.2,2.5,29.9
James Ennis,SF,30,ORL,24,23,21.4,2.5,5.0,.500,0.9,2.0,.447,1.6,3.0,.534,.588,1.4,1.8,.786,1.1,2.8,3.9,1.3,0.8,0.3,0.9,2.2,7.3
Drew Eubanks,C,23,SAS,17,0,11.9,1.4,3.4,.404,0.0,0.0,,1.4,3.4,.404,.404,0.9,1.2,.714,0.6,2.4,3.1,0.6,0.1,1.1,0.5,1.2,3.6
Dante Exum,SG,25,CLE,6,3,19.3,1.7,4.3,.385,0.3,1.8,.182,1.3,2.5,.533,.423,0.2,0.3,.500,0.3,2.5,2.8,2.2,0.7,0.3,1.2,1.5,3.8
Tacko Fall,C,25,BOS,8,0,7.1,1.1,1.6,.692,0.0,0.0,,1.1,1.6,.692,.692,0.4,1.0,.375,1.0,1.6,2.6,0.1,0.0,1.3,0.1,1.3,2.6
Derrick Favors,C,29,UTA,35,0,16.2,2.4,3.7,.649,0.0,0.0,.000,2.4,3.7,.654,.649,1.3,1.6,.789,1.9,3.5,5.4,0.8,0.5,0.9,0.6,2.5,6.1
Cristiano Felício,C,28,CHI,6,0,6.3,0.5,0.7,.750,0.0,0.0,,0.5,0.7,.750,.750,0.8,1.3,.625,1.0,1.0,2.0,0.8,0.3,0.0,0.5,0.5,1.8
Terrance Ferguson,SG,22,PHI,11,0,3.6,0.1,0.5,.167,0.0,0.4,.000,0.1,0.2,.500,.167,0.0,0.0,,0.0,0.1,0.1,0.2,0.1,0.0,0.4,0.5,0.2
Bruno Fernando,C,22,ATL,19,0,8.0,0.6,1.3,.440,0.0,0.1,.000,0.6,1.2,.478,.440,0.5,0.8,.600,0.7,2.5,3.2,0.5,0.1,0.1,0.8,0.9,1.6
Yogi Ferrell,PG,27,CLE,2,0,20.0,4.0,10.5,.381,1.5,4.5,.333,2.5,6.0,.417,.452,0.0,1.0,.000,1.5,2.0,3.5,2.5,1.5,0.5,1.5,2.0,9.5
Dorian Finney-Smith,PF,27,DAL,28,28,31.5,3.0,7.1,.420,1.6,4.8,.343,1.4,2.4,.576,.535,0.5,0.6,.882,1.4,4.0,5.4,1.4,0.9,0.4,0.6,2.6,8.2
Malachi Flynn,PG,22,TOR,15,0,8.3,0.8,3.0,.267,0.3,1.7,.192,0.5,1.3,.368,.322,0.3,0.4,.667,0.1,0.7,0.7,1.1,0.3,0.0,0.3,0.8,2.2
Bryn Forbes,SG,27,MIL,38,6,18.7,3.5,7.3,.473,2.2,4.7,.461,1.3,2.7,.495,.620,0.5,0.7,.741,0.2,1.1,1.3,0.6,0.2,0.0,0.5,1.1,9.6
Trent Forrest,PG,22,UTA,7,0,2.9,0.0,0.4,.000,0.0,0.3,.000,0.0,0.1,.000,.000,0.3,0.3,1.000,0.0,0.3,0.3,0.6,0.3,0.0,0.1,0.3,0.3
Evan Fournier,SF,28,ORL,21,21,29.2,6.0,13.4,.450,2.5,6.7,.371,3.6,6.8,.528,.543,4.0,5.0,.790,0.2,2.9,3.1,3.8,1.0,0.3,2.1,2.0,18.5
De'Aaron Fox,PG,23,SAC,37,37,34.4,8.5,18.2,.469,1.9,5.5,.338,6.6,12.6,.526,.520,4.6,6.7,.681,0.7,2.7,3.4,7.6,1.2,0.5,3.3,3.0,23.5
Tim Frazier,PG,30,MEM,3,0,11.0,0.7,2.7,.250,0.0,0.7,.000,0.7,2.0,.333,.250,0.0,0.0,,0.0,1.3,1.3,2.3,0.3,0.0,1.0,1.3,1.3
Markelle Fultz,PG,22,ORL,8,8,26.9,5.1,13.0,.394,0.5,2.0,.250,4.6,11.0,.420,.413,2.1,2.4,.895,0.6,2.5,3.1,5.4,1.0,0.3,2.3,2.3,12.9
Wenyen Gabriel,PF,23,NOP,5,0,3.4,0.0,0.8,.000,0.0,0.2,.000,0.0,0.6,.000,.000,0.2,0.4,.500,0.2,1.0,1.2,0.2,0.0,0.0,0.2,0.0,0.2
Daniel Gafford,PF,22,CHI,27,11,13.0,1.9,2.9,.675,0.0,0.0,,1.9,2.9,.675,.675,1.0,1.4,.667,1.3,1.8,3.1,0.6,0.4,1.2,0.7,1.9,4.8
Danilo Gallinari,PF,32,ATL,26,2,22.5,3.6,8.8,.408,2.1,5.2,.400,1.5,3.6,.419,.526,2.9,3.1,.938,0.2,3.3,3.6,1.5,0.6,0.1,1.1,1.9,12.1
Langston Galloway,SG,29,PHO,25,0,10.5,1.5,3.3,.463,0.8,1.8,.457,0.7,1.4,.472,.591,0.6,0.6,1.000,0.2,0.9,1.0,0.6,0.2,0.0,0.3,0.6,4.5
Darius Garland,PG,21,CLE,28,25,32.9,6.4,14.5,.440,1.7,4.5,.384,4.7,10.1,.465,.499,1.6,1.9,.849,0.5,1.8,2.2,5.9,1.2,0.1,2.9,2.2,16.1
Marc Gasol,C,36,LAL,35,35,20.1,1.5,3.8,.403,0.9,2.4,.365,0.7,1.4,.469,.519,0.8,1.0,.806,0.7,3.4,4.1,2.0,0.5,1.3,0.9,2.3,4.8
Rudy Gay,PF,34,SAS,28,0,22.1,4.2,10.0,.419,1.7,4.4,.382,2.5,5.6,.449,.504,1.5,1.8,.804,0.9,4.3,5.2,1.5,0.8,0.5,1.1,1.8,11.5
Paul George,SF,30,LAC,28,28,33.3,8.2,16.6,.495,3.5,7.8,.452,4.7,8.9,.532,.600,3.5,4.0,.884,0.9,5.3,6.1,5.4,1.2,0.5,3.3,2.3,23.5
Taj Gibson,PF,35,NYK,14,0,16.5,1.5,2.6,.568,0.2,0.7,.300,1.3,1.9,.667,.608,0.6,1.0,.643,1.4,3.1,4.6,0.5,0.6,0.5,0.6,1.9,3.9
Harry Giles,C,22,POR,22,0,11.8,1.2,2.8,.419,0.1,0.4,.375,1.0,2.5,.426,.444,0.6,0.8,.722,1.1,3.8,4.9,0.9,0.2,0.4,0.7,2.0,3.1
Shai Gilgeous-Alexander,SG,22,OKC,31,31,34.0,8.1,15.8,.510,2.0,4.9,.405,6.1,10.9,.558,.573,5.4,6.7,.803,0.6,4.4,5.0,6.2,0.8,0.6,2.9,2.1,23.5
Anthony Gill,PF,28,WAS,12,1,5.6,0.3,0.8,.300,0.1,0.6,.143,0.2,0.3,.667,.350,0.3,0.3,.750,0.3,1.3,1.6,0.3,0.3,0.2,0.3,0.3,0.8
Rudy Gobert,C,28,UTA,37,37,30.7,5.4,8.5,.638,0.0,0.0,.000,5.4,8.5,.640,.638,3.3,5.5,.601,3.3,9.8,13.1,1.3,0.5,2.8,1.8,2.2,14.2
Brandon Goodwin,PG,25,ATL,25,0,11.6,1.4,4.2,.330,0.6,2.1,.283,0.8,2.1,.377,.401,0.7,1.0,.708,0.1,1.0,1.1,1.7,0.4,0.0,0.5,0.9,4.1
Aaron Gordon,PF,25,ORL,20,20,28.3,4.7,11.1,.425,1.6,4.3,.365,3.2,6.8,.463,.495,2.6,4.2,.627,1.7,5.3,7.0,4.0,0.7,0.9,2.7,2.1,13.6
Eric Gordon,SG,32,HOU,27,13,29.2,5.9,13.6,.433,2.6,7.8,.329,3.3,5.8,.573,.527,3.5,4.2,.825,0.3,1.9,2.1,2.6,0.5,0.5,1.9,1.6,17.8
Devonte' Graham,PG,25,CHO,27,25,31.7,4.3,12.1,.357,2.8,8.0,.353,1.5,4.2,.363,.473,2.1,2.7,.781,0.5,2.4,2.9,5.6,1.0,0.0,1.3,1.5,13.6
Jerami Grant,SF,26,DET,35,35,36.1,7.8,17.9,.434,2.4,6.8,.354,5.4,11.1,.482,.501,5.7,6.4,.888,0.8,4.5,5.3,2.9,0.7,1.1,2.0,2.7,23.6
Danny Green,SF,33,PHI,38,38,28.5,3.0,7.6,.396,2.2,5.9,.378,0.8,1.7,.460,.543,0.3,0.5,.650,0.8,2.8,3.7,1.8,1.2,0.8,1.2,1.8,8.6
Draymond Green,PF,30,GSW,32,32,29.5,2.2,5.7,.392,0.5,1.9,.258,1.7,3.7,.462,.436,1.0,1.3,.738,0.7,5.3,6.0,8.4,1.4,0.7,2.7,3.2,5.9
JaMychal Green,PF,30,DEN,26,4,20.4,3.2,7.2,.441,1.6,3.8,.424,1.5,3.3,.460,.554,1.0,1.2,.844,1.6,4.3,6.0,0.9,0.6,0.3,1.0,2.7,9.0
Javonte Green,SG,27,BOS,22,2,15.0,1.8,3.2,.549,0.3,1.0,.318,1.5,2.2,.653,.599,0.9,1.4,.667,0.9,1.4,2.3,0.5,0.8,0.1,0.5,1.3,4.8
Jeff Green,C,34,BRK,35,16,26.5,3.4,6.8,.498,1.5,3.5,.418,1.9,3.3,.583,.605,1.2,1.6,.782,0.4,3.1,3.6,1.5,0.7,0.2,0.8,1.9,9.4
Josh Green,SG,20,DAL,19,5,11.4,0.9,2.1,.436,0.1,0.6,.167,0.8,1.4,.556,.462,0.3,0.6,.545,0.6,1.5,2.1,0.5,0.2,0.1,0.6,0.9,2.2
Blake Griffin,PF,31,DET,20,20,31.3,4.1,11.1,.365,2.0,6.2,.315,2.1,4.9,.429,.453,2.2,3.1,.710,0.4,4.9,5.2,3.9,0.7,0.1,1.6,2.1,12.3
Kyle Guy,PG,23,SAC,16,0,7.3,0.9,2.8,.318,0.4,1.5,.250,0.5,1.3,.400,.386,0.4,0.5,.875,0.2,0.7,0.9,0.9,0.3,0.0,0.2,0.6,2.6
Rui Hachimura,PF,22,WAS,30,30,29.9,4.6,10.0,.463,0.8,2.6,.325,3.8,7.4,.511,.505,2.8,3.6,.776,1.0,4.5,5.5,1.6,0.8,0.1,1.0,2.1,12.9
Ashton Hagans,PG,21,MIN,2,0,2.0,0.0,0.0,,0.0,0.0,,0.0,0.0,,,0.0,0.0,,0.0,0.0,0.0,0.0,0.0,0.0,0.5,0.0,0.0
Tyrese Haliburton,PG,20,SAC,32,2,29.5,4.9,10.2,.483,2.3,5.4,.430,2.6,4.8,.542,.596,0.6,0.8,.833,0.9,2.6,3.5,5.2,1.4,0.6,1.5,1.3,12.8
Josh Hall,SF,20,OKC,7,0,7.3,0.6,2.6,.222,0.1,1.1,.125,0.4,1.4,.300,.250,0.4,1.0,.429,0.1,1.1,1.3,1.0,0.0,0.0,0.6,1.0,1.7
R.J. Hampton,PG,19,DEN,24,0,9.2,1.0,2.4,.414,0.2,0.8,.278,0.8,1.7,.475,.457,0.3,0.4,.700,0.4,1.5,2.0,0.5,0.2,0.1,0.5,0.9,2.5
Tim Hardaway Jr.,SG,28,DAL,36,17,29.3,5.7,13.1,.432,2.8,7.5,.376,2.8,5.6,.507,.540,2.0,2.6,.793,0.4,2.9,3.2,1.7,0.6,0.2,0.9,1.5,16.2
James Harden,PG-SG,31,TOT,33,33,37.8,8.0,16.7,.478,3.1,8.1,.383,4.9,8.7,.566,.571,6.1,7.0,.870,0.9,7.1,7.9,11.0,1.2,0.8,4.3,2.2,25.2
Maurice Harkless,SF,27,MIA,11,3,11.3,0.5,1.2,.385,0.5,1.0,.455,0.0,0.2,.000,.577,0.0,0.2,.000,0.2,1.0,1.2,0.6,0.2,0.4,0.3,1.3,1.4
Jared Harper,PG,23,NYK,2,0,2.5,0.0,0.5,.000,0.0,0.0,,0.0,0.5,.000,.000,1.0,1.0,1.000,0.0,0.0,0.0,0.0,0.0,0.0,1.0,0.0,1.0
Montrezl Harrell,C,27,LAL,38,1,24.3,5.7,9.1,.629,0.0,0.2,.000,5.7,8.9,.642,.629,2.5,3.3,.752,2.4,4.1,6.4,1.1,0.7,0.8,1.1,2.1,13.9
Gary Harris,SG,26,DEN,19,19,30.6,3.6,8.2,.442,1.3,3.9,.320,2.4,4.3,.556,.519,1.2,1.6,.733,0.7,1.8,2.5,1.7,0.9,0.2,0.7,1.9,9.7
Jalen Harris,SG,22,TOR,3,0,3.0,0.3,0.7,.500,0.3,0.3,1.000,0.0,0.3,.000,.750,0.0,0.0,,0.3,0.3,0.7,0.3,0.3,0.0,0.3,0.7,1.0
Joe Harris,SF,29,BRK,39,35,30.9,5.4,10.2,.526,3.4,6.7,.498,2.0,3.4,.582,.691,0.6,0.8,.688,0.5,3.0,3.5,1.7,0.6,0.2,0.8,2.2,14.6
Tobias Harris,PF,28,PHI,33,33,33.8,7.8,15.1,.515,1.6,3.9,.400,6.2,11.1,.556,.567,3.1,3.5,.886,1.2,6.3,7.5,3.4,0.8,0.8,1.9,2.0,20.2
Shaquille Harrison,SG,27,UTA,17,0,3.3,0.4,1.2,.300,0.0,0.1,.000,0.4,1.1,.333,.300,0.3,0.4,.833,0.2,0.4,0.5,0.5,0.1,0.0,0.3,0.2,1.0
Josh Hart,SF,25,NOP,38,3,28.4,3.1,7.1,.441,1.3,4.0,.320,1.8,3.1,.598,.531,1.4,1.9,.761,1.1,6.3,7.4,2.0,0.8,0.2,0.9,2.4,9.0
Isaiah Hartenstein,C,22,DEN,27,0,9.4,1.5,2.9,.519,0.0,0.0,,1.5,2.9,.519,.519,0.7,1.3,.588,1.4,1.4,2.8,0.5,0.4,0.6,0.7,2.0,3.7
Jaxson Hayes,C,20,NOP,27,1,12.7,2.1,2.9,.709,0.0,0.0,,2.1,2.9,.709,.709,0.9,1.3,.676,1.3,2.3,3.6,0.4,0.3,0.5,0.6,1.8,5.0
Killian Hayes,PG,19,DET,7,7,21.1,1.9,6.7,.277,0.7,2.9,.250,1.1,3.9,.296,.330,0.1,0.3,.500,0.1,1.0,1.1,3.6,0.3,0.0,2.4,2.1,4.6
Gordon Hayward,SF,30,CHO,33,33,34.7,7.7,15.9,.482,2.0,4.9,.405,5.7,11.0,.517,.545,3.7,4.3,.865,0.8,4.5,5.4,3.9,1.3,0.4,2.0,1.7,21.0
Juan Hernangómez,PF,25,MIN,19,6,15.8,2.2,5.3,.416,0.9,2.9,.321,1.3,2.4,.533,.505,0.7,1.2,.636,0.9,3.5,4.4,0.6,0.3,0.1,0.4,0.8,6.1
Willy Hernangómez,C,26,NOP,22,2,16.9,2.9,5.4,.529,0.0,0.3,.167,2.8,5.1,.549,.534,1.1,1.7,.632,2.7,4.0,6.6,1.3,0.3,0.5,0.5,1.2,6.9
Tyler Herro,SG,21,MIA,27,14,32.2,5.9,13.6,.433,1.9,5.7,.331,4.0,7.9,.507,.503,1.8,2.3,.762,0.4,5.2,5.6,3.6,0.6,0.4,2.3,1.6,15.4
Buddy Hield,SG,28,SAC,38,38,34.9,5.5,14.3,.386,3.9,10.4,.373,1.6,3.9,.419,.521,1.4,1.7,.846,0.4,4.1,4.5,3.3,0.8,0.3,1.7,2.6,16.3
George Hill,PG,34,OKC,14,14,26.4,4.4,8.6,.508,1.6,4.1,.386,2.8,4.5,.619,.600,1.5,1.8,.840,0.6,1.5,2.1,3.1,0.9,0.1,0.9,0.9,11.8
Solomon Hill,PF,29,ATL,38,1,19.2,1.4,4.1,.357,1.0,3.0,.325,0.5,1.1,.450,.477,0.5,0.6,.857,0.5,1.7,2.2,0.9,0.7,0.2,0.6,1.7,4.3
Nate Hinton,SG,21,DAL,6,0,3.2,0.5,2.2,.231,0.2,0.8,.200,0.3,1.3,.250,.269,0.2,0.3,.500,0.0,0.0,0.0,0.0,0.2,0.2,0.3,0.2,1.3
Aaron Holiday,PG,24,IND,37,6,18.7,2.8,7.2,.381,1.1,3.0,.351,1.7,4.2,.401,.453,0.8,1.1,.725,0.2,1.1,1.3,1.8,0.6,0.1,0.8,1.7,7.4
Jrue Holiday,PG,30,MIL,28,25,30.8,6.1,12.5,.484,1.7,4.6,.364,4.4,7.9,.554,.551,1.4,1.8,.784,1.2,3.3,4.4,5.0,1.8,0.5,1.6,1.8,15.3
Justin Holiday,SG,31,IND,37,28,32.3,3.9,8.8,.442,2.5,6.2,.398,1.4,2.6,.547,.583,1.2,1.4,.827,0.6,3.3,3.9,1.7,1.2,0.4,0.8,2.2,11.4
Richaun Holmes,C,27,SAC,34,34,29.8,5.8,8.9,.654,0.0,0.2,.167,5.8,8.7,.664,.656,1.8,2.3,.805,2.6,5.9,8.5,1.7,0.7,1.5,1.4,3.9,13.4
Rodney Hood,SF,28,POR,32,5,19.3,2.1,5.5,.373,0.6,2.2,.286,1.4,3.3,.430,.429,0.3,0.4,.750,0.3,1.3,1.6,1.2,0.6,0.1,0.8,1.4,5.0
Al Horford,C,34,OKC,26,26,28.2,5.9,12.9,.455,2.0,5.4,.376,3.8,7.5,.513,.534,0.6,0.7,.789,1.0,5.7,6.7,3.3,0.8,0.9,1.1,1.8,14.4
Talen Horton-Tucker,SG,20,LAL,34,1,17.4,2.8,6.5,.436,0.5,1.9,.277,2.3,4.6,.503,.477,1.0,1.2,.829,0.3,2.1,2.4,1.9,0.8,0.6,1.3,2.1,7.2
Danuel House,SF,27,HOU,22,12,27.4,3.1,8.4,.375,1.5,5.0,.312,1.6,3.4,.467,.467,1.3,1.7,.757,0.7,3.2,4.0,1.9,0.6,0.5,1.0,2.0,9.1
Dwight Howard,C,35,PHI,38,4,16.2,2.4,4.1,.591,0.1,0.3,.308,2.3,3.7,.617,.604,1.5,2.8,.538,2.6,5.0,7.5,0.7,0.4,0.9,1.7,3.0,6.4
Markus Howard,SG,21,DEN,18,0,3.2,0.4,1.9,.206,0.2,1.3,.167,0.2,0.6,.300,.265,0.1,0.1,.500,0.0,0.3,0.3,0.3,0.1,0.0,0.2,0.4,1.1
Kevin Huerter,SG,22,ATL,38,27,31.9,4.6,10.8,.424,2.2,5.9,.364,2.4,4.9,.497,.524,0.8,1.0,.842,0.7,2.9,3.6,3.7,1.3,0.2,1.2,2.5,12.2
Elijah Hughes,SF,22,UTA,6,0,4.5,0.8,2.5,.333,0.5,1.7,.300,0.3,0.8,.400,.433,0.5,0.7,.750,0.0,0.7,0.7,0.5,0.2,0.2,0.7,0.0,2.7
De'Andre Hunter,SF,23,ATL,18,18,32.2,6.0,11.7,.514,1.7,4.6,.366,4.3,7.1,.609,.586,3.6,4.1,.877,0.9,4.5,5.4,2.2,0.9,0.5,1.4,2.6,17.2
Chandler Hutchison,SF,24,CHI,7,0,9.1,0.7,2.6,.278,0.1,0.4,.333,0.6,2.1,.267,.306,0.3,0.3,1.000,0.1,2.7,2.9,0.6,0.1,0.0,0.7,1.3,1.9
Serge Ibaka,C,31,LAC,38,38,23.9,4.6,9.1,.510,1.0,2.8,.355,3.6,6.3,.580,.565,1.0,1.2,.822,1.8,5.1,6.8,1.8,0.2,1.2,1.2,1.9,11.2
Andre Iguodala,SF,37,MIA,36,2,21.7,1.6,4.3,.379,1.1,3.3,.333,0.5,1.0,.528,.507,0.4,0.7,.560,0.6,3.1,3.7,2.2,1.0,0.4,1.0,1.4,4.7
Joe Ingles,SF,33,UTA,33,9,26.4,4.0,7.6,.524,2.5,5.3,.466,1.5,2.3,.658,.686,1.0,1.2,.895,0.4,2.9,3.3,4.3,0.5,0.3,1.6,1.8,11.4
Brandon Ingram,SF,23,NOP,38,38,34.4,8.5,17.8,.476,2.3,6.2,.377,6.1,11.6,.530,.542,4.4,5.1,.880,0.6,4.5,5.1,4.7,0.7,0.8,2.3,2.0,23.7
Kyrie Irving,PG,28,BRK,28,28,35.5,10.4,20.3,.514,2.9,7.1,.407,7.5,13.2,.572,.585,3.6,4.0,.894,1.2,3.7,4.9,5.8,1.1,0.6,2.4,2.8,27.4
Wesley Iwundu,SF,26,DAL,20,3,12.3,0.7,2.4,.298,0.2,1.2,.130,0.6,1.2,.458,.330,0.5,0.6,.818,0.3,1.5,1.8,0.4,0.4,0.2,0.3,1.0,2.0
Frank Jackson,PG,22,DET,9,0,6.0,0.7,2.4,.273,0.4,1.4,.308,0.2,1.0,.222,.364,0.0,0.0,,0.0,0.9,0.9,1.1,0.1,0.0,0.4,0.6,1.8
Josh Jackson,SG,23,DET,34,6,24.7,4.7,11.2,.421,1.2,4.4,.284,3.5,6.9,.509,.476,2.5,3.6,.699,1.0,3.4,4.4,1.9,0.9,0.9,2.3,2.9,13.2
Justin Jackson,SF,25,OKC,26,2,16.2,2.5,6.0,.410,1.0,3.2,.298,1.5,2.8,.542,.490,0.7,0.8,.818,0.4,1.8,2.3,1.5,0.4,0.1,1.0,0.9,6.6
Reggie Jackson,SG,30,LAC,36,16,20.4,3.2,7.1,.447,1.3,3.3,.398,1.9,3.9,.489,.539,0.9,1.2,.767,0.4,2.3,2.7,3.0,0.6,0.1,1.0,1.9,8.6
Justin James,SF,24,SAC,15,0,4.8,0.7,1.6,.417,0.1,0.6,.222,0.5,1.0,.533,.458,0.1,0.5,.250,0.2,0.4,0.6,0.4,0.2,0.1,0.1,0.2,1.6
LeBron James,PG,36,LAL,37,37,34.6,9.6,18.9,.507,2.4,6.6,.357,7.2,12.3,.588,.569,4.1,5.9,.689,0.6,7.3,7.9,7.8,1.1,0.6,3.7,1.6,25.6
DaQuan Jeffries,SG,23,SAC,14,2,14.4,1.6,3.8,.415,0.6,1.8,.320,1.0,2.0,.500,.491,0.4,0.5,.857,0.5,1.1,1.6,0.3,0.4,0.3,0.5,1.4,4.1
Ty Jerome,SG,23,OKC,6,0,25.8,3.3,8.0,.417,1.7,4.7,.357,1.7,3.3,.500,.521,0.2,0.3,.500,0.8,2.8,3.7,3.2,0.5,0.2,0.5,3.0,8.5
Isaiah Joe,SG,21,PHI,20,1,12.0,1.5,4.0,.367,1.2,3.0,.383,0.3,1.0,.316,.513,0.3,0.3,1.000,0.3,0.9,1.2,0.8,0.4,0.2,0.3,1.1,4.3
Cameron Johnson,PF,24,PHO,34,9,24.2,3.7,8.4,.437,2.1,5.7,.378,1.5,2.7,.559,.565,0.9,1.1,.865,0.6,2.8,3.4,1.4,0.6,0.3,0.8,1.4,10.4
James Johnson,PF,33,DAL,29,1,17.4,2.3,5.0,.462,0.5,2.1,.250,1.8,2.9,.612,.514,0.6,1.0,.586,0.5,2.5,3.0,1.7,0.8,0.8,0.9,2.0,5.7
Keldon Johnson,SF,21,SAS,31,29,28.7,5.2,10.9,.475,1.0,2.9,.330,4.2,7.9,.528,.519,2.6,3.4,.781,1.5,5.0,6.5,2.0,0.7,0.5,1.4,2.3,13.9
Stanley Johnson,PF,24,TOR,34,4,14.2,1.1,2.7,.396,0.7,1.7,.407,0.4,0.9,.375,.527,0.3,0.4,.786,0.5,1.7,2.2,1.3,0.7,0.3,0.7,1.6,3.1
Tyler Johnson,SG,28,BRK,20,1,14.2,1.6,4.0,.392,1.2,2.9,.421,0.4,1.1,.318,.544,0.4,0.4,1.000,0.2,1.5,1.7,1.0,0.3,0.0,0.3,0.8,4.7
Nikola Jokić,C,25,DEN,38,38,35.9,10.6,18.7,.566,1.5,3.7,.411,9.1,15.0,.605,.607,4.4,5.1,.876,2.8,8.3,11.1,8.6,1.6,0.6,3.1,2.8,27.1
Damian Jones,C,25,TOT,18,2,7.8,0.8,1.3,.625,0.0,0.1,.000,0.8,1.3,.652,.625,0.6,0.9,.647,0.5,0.8,1.3,0.2,0.1,0.5,0.4,1.6,2.3
Derrick Jones Jr.,SF,23,POR,33,32,26.8,3.0,5.9,.510,0.8,2.5,.337,2.2,3.4,.640,.582,1.3,2.0,.657,1.8,2.8,4.6,0.9,0.8,1.1,0.7,2.5,8.2
Mason Jones,SG,22,HOU,23,1,11.1,1.7,4.0,.418,0.8,2.3,.346,0.9,1.7,.513,.516,1.3,1.9,.659,0.2,1.8,2.0,1.3,0.3,0.0,1.2,1.0,5.3
Tre Jones,PG,21,SAS,14,0,3.4,0.7,1.3,.556,0.1,0.1,1.000,0.6,1.2,.529,.583,0.4,0.4,1.000,0.3,0.0,0.3,0.2,0.0,0.0,0.3,0.3,1.9
Tyus Jones,PG,24,MEM,34,8,21.2,3.4,7.6,.440,0.8,2.6,.295,2.6,5.0,.515,.490,0.5,0.6,.850,0.4,2.0,2.4,4.4,1.2,0.1,0.9,0.4,8.0
DeAndre Jordan,C,32,BRK,37,28,23.1,3.4,4.4,.765,0.0,0.0,.000,3.4,4.4,.770,.765,0.8,1.6,.500,1.8,5.7,7.5,1.8,0.3,1.4,1.6,2.2,7.5
Cory Joseph,PG,29,SAC,38,2,21.1,2.6,5.7,.445,0.7,2.2,.318,1.8,3.5,.526,.507,0.8,1.0,.769,0.6,1.7,2.3,2.4,0.8,0.2,1.0,2.3,6.6
Mfiondu Kabengele,PF,23,LAC,21,0,4.1,0.4,1.3,.286,0.1,0.7,.200,0.2,0.6,.385,.339,0.2,0.3,.833,0.0,0.6,0.6,0.2,0.1,0.1,0.3,0.8,1.1
Frank Kaminsky,C,27,PHO,29,13,15.6,2.7,5.8,.464,0.9,2.2,.413,1.8,3.6,.495,.542,0.7,1.1,.613,0.8,3.1,3.9,1.7,0.3,0.4,0.5,1.4,6.9
Enes Kanter,C,28,POR,37,25,26.5,5.2,8.6,.600,0.0,0.0,,5.2,8.6,.600,.600,1.9,2.5,.758,4.2,7.6,11.8,1.2,0.5,0.7,1.1,2.7,12.2
Luke Kennard,SG,24,LAC,35,7,19.9,2.8,6.0,.464,1.5,3.3,.444,1.3,2.7,.489,.588,0.4,0.4,.867,0.2,2.4,2.6,1.7,0.4,0.2,0.8,1.6,7.5
Maxi Kleber,PF,29,DAL,25,19,26.5,2.4,5.2,.454,1.8,3.9,.469,0.5,1.3,.406,.631,1.0,1.0,.960,1.0,4.4,5.4,1.4,0.5,0.8,0.6,2.3,7.5
Nathan Knight,PF,23,ATL,11,0,5.4,0.8,2.2,.375,0.3,0.8,.333,0.5,1.4,.400,.438,0.8,0.9,.900,0.8,0.7,1.5,0.1,0.2,0.3,0.5,0.6,2.7
Kevin Knox,SF,21,NYK,28,0,14.4,1.8,4.4,.398,1.1,2.7,.400,0.7,1.7,.396,.520,0.4,0.5,.786,0.3,1.5,1.8,0.6,0.3,0.2,0.6,1.2,5.0
John Konchar,SG,24,MEM,19,0,16.2,1.5,3.5,.424,0.4,1.2,.304,1.1,2.3,.488,.477,0.8,0.9,.889,0.9,2.6,3.6,1.2,0.9,0.3,0.4,1.4,4.2
Furkan Korkmaz,SG,23,PHI,27,3,19.1,3.0,7.6,.395,1.6,4.6,.355,1.4,3.0,.457,.502,1.1,1.3,.806,0.3,2.1,2.4,1.0,0.7,0.1,1.0,1.2,8.7
Luke Kornet,PF,25,CHI,11,0,8.2,0.8,2.5,.333,0.5,2.1,.261,0.3,0.4,.750,.444,0.2,0.4,.500,0.1,1.3,1.4,0.4,0.2,0.6,0.1,0.1,2.4
Rodions Kurucs,SF-PF,22,TOT,16,0,5.7,0.4,1.5,.250,0.2,1.1,.176,0.2,0.4,.429,.313,0.1,0.1,.500,0.1,0.8,0.9,0.4,0.4,0.3,0.6,0.5,1.0
Kyle Kuzma,SF,25,LAL,37,11,26.0,4.6,10.4,.444,1.8,5.0,.370,2.8,5.4,.513,.533,0.8,1.2,.659,2.1,4.7,6.8,1.1,0.4,0.6,1.5,1.7,11.8
Anthony Lamb,F,23,HOU,2,0,18.0,1.0,5.5,.182,1.0,4.0,.250,0.0,1.5,.000,.273,0.0,0.0,,3.0,1.5,4.5,0.5,0.0,0.0,0.5,3.0,3.0
Jeremy Lamb,SG,28,IND,22,8,22.8,3.5,7.6,.464,1.5,3.5,.436,2.0,4.1,.489,.565,2.3,2.4,.943,0.7,3.0,3.6,1.5,0.8,0.5,0.7,2.0,10.9
Zach LaVine,SG,25,CHI,36,36,35.5,10.2,19.4,.525,3.5,8.0,.439,6.7,11.4,.585,.616,4.6,5.3,.863,0.7,4.5,5.2,5.2,1.0,0.4,3.9,2.6,28.5
Jake Layman,SF,26,MIN,26,6,16.3,2.5,4.9,.504,0.7,2.2,.321,1.8,2.7,.648,.575,0.9,1.2,.767,0.4,1.3,1.7,0.7,0.8,0.5,0.7,1.2,6.5
Jalen Lecque,PG,20,IND,3,0,3.0,0.3,1.3,.250,0.0,0.3,.000,0.3,1.0,.333,.250,1.0,1.0,1.000,0.3,1.0,1.3,0.7,0.0,0.0,0.0,0.0,1.7
Damion Lee,SG,28,GSW,38,1,19.0,2.1,4.8,.442,1.4,3.7,.374,0.7,1.1,.667,.586,0.7,0.8,.903,0.4,2.9,3.3,1.4,0.7,0.1,0.4,1.5,6.3
Saben Lee,PG,21,DET,17,0,15.2,2.2,4.3,.521,0.2,0.4,.667,2.0,3.9,.507,.548,1.5,2.3,.667,0.4,1.3,1.7,2.4,0.7,0.3,0.9,1.6,6.2
Alex Len,C,27,TOT,29,7,13.6,2.1,3.3,.642,0.2,0.7,.300,1.9,2.6,.733,.674,1.0,1.7,.592,0.7,2.4,3.1,0.9,0.3,1.2,0.9,1.7,5.4
Kawhi Leonard,SF,29,LAC,31,31,34.5,9.6,18.7,.513,2.1,5.2,.401,7.5,13.5,.556,.569,5.4,6.2,.875,0.9,5.5,6.4,4.8,1.5,0.5,2.0,1.6,26.7
Meyers Leonard,C,28,MIA,3,2,9.7,1.0,2.3,.429,1.0,2.3,.429,0.0,0.0,,.643,0.3,0.7,.500,0.0,2.3,2.3,0.7,0.0,0.0,0.7,1.7,3.3
Caris LeVert,SG,26,TOT,13,5,27.8,7.1,16.5,.430,1.7,5.2,.328,5.4,11.3,.476,.481,2.2,2.9,.763,0.9,3.6,4.5,5.7,1.0,0.5,2.3,1.6,18.1
Kira Lewis Jr.,PG,19,NOP,23,0,13.8,2.1,5.7,.377,0.7,1.9,.341,1.5,3.7,.395,.435,0.6,0.9,.650,0.2,0.8,1.0,1.8,0.7,0.1,0.5,1.3,5.5
Damian Lillard,PG,30,POR,36,36,36.0,9.2,20.8,.443,4.3,11.2,.383,4.9,9.7,.511,.545,7.0,7.5,.933,0.4,3.9,4.4,8.0,1.0,0.3,3.3,1.5,29.7
Nassir Little,PF,20,POR,22,2,12.8,1.8,3.7,.481,0.8,1.9,.429,1.0,1.8,.538,.593,1.0,1.2,.846,0.9,1.5,2.4,0.4,0.1,0.3,0.5,1.1,5.4
Kevon Looney,C,24,GSW,28,11,14.8,1.6,2.7,.587,0.1,0.2,.333,1.5,2.5,.609,.600,0.6,0.8,.783,1.8,2.5,4.2,1.6,0.4,0.3,0.6,1.9,3.9
Brook Lopez,C,32,MIL,38,38,27.0,4.0,8.5,.467,1.6,4.5,.345,2.4,4.0,.605,.559,1.3,1.7,.810,1.4,3.7,5.0,0.7,0.5,1.4,0.9,2.1,10.8
Robin Lopez,C,32,WAS,37,9,20.4,3.2,5.5,.584,0.1,0.4,.286,3.1,5.1,.606,.594,1.6,2.3,.714,2.2,2.0,4.2,0.9,0.3,0.6,1.1,1.9,8.1
Kevin Love,PF,32,CLE,3,3,18.7,2.3,7.3,.318,1.3,4.0,.333,1.0,3.3,.300,.409,1.7,2.3,.714,0.7,3.7,4.3,1.7,0.3,0.0,1.0,1.0,7.7
Kyle Lowry,PG,34,TOR,31,31,34.6,6.0,13.4,.449,2.9,7.1,.403,3.1,6.2,.503,.557,3.1,3.6,.866,0.9,4.7,5.5,7.2,1.1,0.2,3.0,3.2,18.0
Timothé Luwawu-Cabarrot,SF,25,BRK,34,6,19.7,2.5,6.5,.389,1.6,4.3,.363,1.0,2.2,.440,.509,0.6,0.8,.769,0.5,1.8,2.4,1.3,0.7,0.1,0.7,1.9,7.2
Trey Lyles,PF,25,SAS,21,8,15.8,2.0,4.0,.500,0.7,1.8,.378,1.3,2.2,.596,.583,0.6,1.0,.619,0.4,3.6,4.0,0.6,0.2,0.0,0.1,0.5,5.3
Thon Maker,C,23,CLE,8,0,9.5,1.3,2.3,.556,0.0,0.3,.000,1.3,2.0,.625,.556,1.3,1.4,.909,1.0,1.3,2.3,0.5,0.3,0.5,0.4,0.9,3.8
Théo Maledon,PG,19,OKC,33,18,26.1,2.8,7.1,.402,1.5,4.1,.370,1.3,3.0,.444,.509,0.7,1.0,.706,0.2,2.8,3.0,3.5,0.9,0.1,1.9,2.4,7.9
Karim Mané,PG,20,ORL,6,0,9.3,0.2,1.5,.111,0.2,0.3,.500,0.0,1.2,.000,.167,0.7,0.7,1.000,0.0,1.7,1.7,0.2,0.0,0.2,0.5,0.5,1.2
Terance Mann,SG,24,LAC,36,3,15.7,1.8,3.7,.474,0.4,1.0,.389,1.4,2.7,.505,.526,0.9,1.1,.800,0.9,2.3,3.2,1.3,0.4,0.3,0.6,1.7,4.8
Nico Mannion,PG,19,GSW,8,1,11.1,1.1,3.8,.300,0.8,2.1,.353,0.4,1.6,.231,.400,0.5,1.0,.500,0.0,1.9,1.9,2.5,0.5,0.0,1.4,1.4,3.5
Boban Marjanović,C,32,DAL,19,1,7.7,1.9,3.9,.493,0.0,0.2,.000,1.9,3.7,.521,.493,0.6,0.8,.750,1.5,2.5,4.0,0.2,0.1,0.1,0.4,0.8,4.5
Lauri Markkanen,PF,23,CHI,16,16,30.4,6.9,13.4,.519,3.2,7.4,.432,3.8,6.0,.625,.638,2.4,2.8,.844,0.6,5.4,5.9,0.9,0.6,0.4,1.7,2.1,19.4
Naji Marshall,SF,23,NOP,4,0,3.3,0.0,0.8,.000,0.0,0.5,.000,0.0,0.3,.000,.000,0.3,0.5,.500,0.0,0.5,0.5,0.5,0.0,0.3,0.0,0.3,0.3
Caleb Martin,SF,25,CHO,27,1,14.9,2.1,5.0,.415,0.7,2.1,.328,1.4,2.9,.481,.485,0.5,1.0,.538,0.7,2.0,2.7,1.1,0.8,0.3,0.7,1.0,5.4
Cody Martin,SF,25,CHO,25,2,11.7,1.4,2.8,.514,0.2,1.0,.250,1.2,1.8,.652,.557,0.3,0.4,.800,0.8,1.5,2.4,1.1,0.5,0.2,0.6,0.6,3.4
Kelan Martin,SF,25,IND,12,0,4.0,0.6,1.7,.350,0.2,0.8,.222,0.4,0.9,.455,.400,0.2,0.2,1.000,0.1,0.9,1.0,0.0,0.3,0.0,0.3,0.4,1.5
Kenyon Martin Jr.,SF,20,HOU,9,0,14.4,2.4,5.7,.431,0.2,1.0,.222,2.2,4.7,.476,.451,0.6,1.1,.500,2.1,2.1,4.2,0.6,0.6,1.0,0.9,1.3,5.7
Frank Mason III,PG,26,ORL,4,1,19.8,2.3,6.0,.375,0.5,1.3,.400,1.8,4.8,.368,.417,1.3,1.8,.714,0.8,2.3,3.0,3.0,0.0,0.0,1.3,1.8,6.3
Garrison Mathews,SG,24,WAS,31,15,16.9,1.9,4.6,.420,1.5,3.7,.400,0.5,0.9,.500,.580,1.6,1.7,.926,0.4,1.4,1.7,0.5,0.7,0.2,0.1,1.6,7.0
Dakota Mathias,SG,25,PHI,8,2,15.4,2.4,6.0,.396,1.0,3.3,.308,1.4,2.8,.500,.479,0.3,0.8,.333,0.1,0.8,0.9,1.6,0.1,0.4,0.1,0.9,6.0
Wesley Matthews,SG,34,LAL,31,4,20.2,1.4,3.9,.355,1.0,3.0,.333,0.4,0.9,.429,.483,0.4,0.5,.813,0.4,1.0,1.4,1.1,0.5,0.4,0.5,1.5,4.2
Tyrese Maxey,SG,20,PHI,34,6,15.6,3.3,7.3,.452,0.4,1.6,.268,2.9,5.6,.505,.482,0.6,0.7,.880,0.2,1.5,1.8,1.7,0.4,0.1,0.6,1.2,7.7
Skylar Mays,SG,23,ATL,17,0,7.8,1.1,2.9,.388,0.5,1.4,.348,0.6,1.5,.423,.469,0.9,1.1,.889,0.4,0.4,0.7,1.1,0.4,0.0,0.2,0.4,3.6
Patrick McCaw,SF,25,TOR,3,0,6.7,0.0,0.0,,0.0,0.0,,0.0,0.0,,,0.0,0.0,,0.3,0.0,0.3,1.3,0.0,0.0,0.0,1.0,0.0
CJ McCollum,SG,29,POR,13,13,33.8,9.5,20.0,.473,4.8,11.0,.441,4.6,9.0,.513,.594,2.9,3.5,.844,0.5,3.4,3.9,5.0,1.3,0.3,1.0,2.2,26.7
T.J. McConnell,PG,28,IND,34,2,25.2,3.1,5.9,.525,0.2,0.6,.316,2.9,5.3,.547,.540,0.3,0.6,.474,0.7,3.0,3.7,6.4,1.9,0.4,1.9,1.6,6.6
Jaden McDaniels,PF,20,MIN,32,1,19.4,2.1,5.0,.419,1.0,2.8,.371,1.1,2.2,.479,.522,0.4,0.8,.500,0.6,2.7,3.3,1.0,0.4,1.0,0.8,2.4,5.6
Jalen McDaniels,SF,23,CHO,18,1,12.1,1.6,3.7,.433,0.3,1.3,.261,1.3,2.4,.523,.478,0.7,1.1,.684,0.4,2.1,2.6,0.5,0.1,0.3,0.9,1.7,4.3
Doug McDermott,PF,29,IND,36,15,26.1,5.2,10.3,.508,1.6,4.5,.366,3.6,5.8,.617,.588,1.3,1.6,.814,1.0,2.9,4.0,1.4,0.3,0.1,0.9,1.8,13.4
Sean McDermott,SF,24,MEM,8,0,15.8,1.3,2.9,.435,0.6,1.9,.333,0.6,1.0,.625,.543,0.8,0.8,1.000,0.5,1.0,1.5,0.5,0.1,0.3,0.5,0.8,3.9
JaVale McGee,C,33,CLE,28,1,15.1,3.1,6.4,.489,0.2,0.6,.278,3.0,5.8,.512,.503,1.0,1.7,.617,1.5,3.5,5.0,1.0,0.5,1.2,1.3,2.6,7.5
Rodney McGruder,SG,29,DET,14,0,10.9,2.1,4.1,.509,0.6,1.4,.421,1.5,2.7,.553,.579,0.4,0.4,.833,0.6,0.9,1.4,1.0,0.5,0.1,0.5,0.7,5.1
Alfonzo McKinnie,SF,28,LAL,18,0,4.7,0.9,1.7,.533,0.3,0.7,.417,0.6,1.0,.611,.617,0.3,0.4,.625,0.4,0.7,1.1,0.1,0.1,0.0,0.1,0.4,2.3
Jordan McLaughlin,PG,24,MIN,24,0,19.5,2.2,5.9,.376,0.7,1.9,.348,1.5,4.0,.389,.433,0.3,0.4,.800,0.5,1.8,2.3,4.7,1.0,0.2,1.1,1.0,5.4
Ben McLemore,SG,27,HOU,26,3,16.0,2.2,6.4,.347,1.4,4.5,.310,0.8,2.0,.431,.455,0.7,0.9,.708,0.4,1.9,2.3,0.9,0.6,0.1,0.9,1.5,6.5
Nicolò Melli,PF,30,NOP,19,0,11.2,0.7,2.6,.260,0.4,1.8,.206,0.3,0.8,.375,.330,0.3,0.4,.857,0.5,2.1,2.6,1.0,0.4,0.1,0.4,1.3,2.1
De'Anthony Melton,PG,22,MEM,22,1,20.5,3.8,8.0,.480,1.7,3.9,.435,2.1,4.1,.522,.586,0.7,1.0,.727,0.6,2.5,3.1,3.0,1.2,0.7,1.3,1.7,10.0
Sam Merrill,SG,24,MIL,14,0,5.9,0.6,1.4,.421,0.4,0.9,.500,0.1,0.5,.286,.579,0.1,0.1,1.000,0.3,0.7,1.0,0.8,0.1,0.0,0.2,0.4,1.7
Chimezie Metu,C,23,SAC,11,0,6.5,1.4,2.7,.500,0.1,0.3,.333,1.3,2.5,.519,.517,0.5,0.8,.667,1.0,1.1,2.1,0.5,0.3,0.5,0.5,0.9,3.4
Khris Middleton,SF,29,MIL,38,38,33.2,7.4,15.0,.493,2.2,5.2,.424,5.2,9.8,.530,.567,3.3,3.7,.893,0.8,5.3,6.1,5.7,1.1,0.2,2.6,2.5,20.3
Darius Miller,SF,30,OKC,12,0,9.3,0.9,2.0,.458,0.8,1.8,.429,0.2,0.3,.667,.646,0.3,0.3,1.000,0.1,1.2,1.3,0.8,0.4,0.3,0.4,0.8,2.8
Patty Mills,PG,32,SAS,34,0,25.8,4.7,10.5,.449,2.7,6.9,.397,2.0,3.6,.549,.580,1.2,1.3,.889,0.3,1.6,1.9,2.6,0.7,0.0,1.1,1.4,13.3
Paul Millsap,PF,35,DEN,28,27,23.8,3.8,7.3,.512,1.2,3.1,.395,2.5,4.3,.597,.595,1.5,2.3,.683,1.6,3.6,5.2,1.6,0.9,0.6,1.0,2.0,10.3
Shake Milton,SG,24,PHI,30,1,25.1,4.9,11.2,.442,1.1,3.5,.308,3.9,7.7,.502,.490,2.9,3.3,.888,0.6,1.7,2.3,3.1,0.7,0.3,1.6,2.3,13.8
Donovan Mitchell,SG,24,UTA,35,35,34.0,8.5,20.2,.420,3.3,8.7,.380,5.2,11.5,.450,.502,4.5,5.4,.826,1.1,3.7,4.7,5.5,1.0,0.3,3.0,2.2,24.8
Adam Mokoka,SG,22,CHI,7,0,6.0,0.7,2.0,.357,0.1,1.1,.125,0.6,0.9,.667,.393,0.0,0.0,,0.1,0.4,0.6,0.6,0.3,0.1,0.3,0.7,1.6
Malik Monk,SG,22,CHO,24,0,22.3,4.7,10.2,.463,2.4,5.5,.432,2.3,4.7,.500,.580,1.6,2.0,.796,0.4,2.5,2.8,1.8,0.3,0.1,1.5,1.4,13.4
E'Twaun Moore,SG,31,PHO,24,1,14.5,1.8,4.3,.422,0.3,1.2,.276,1.5,3.0,.479,.461,0.3,0.4,.800,0.5,1.2,1.8,1.5,0.6,0.2,0.8,1.3,4.3
Ja Morant,PG,21,MEM,26,26,31.0,7.1,15.7,.450,0.9,3.6,.245,6.2,12.1,.511,.478,4.7,5.9,.786,0.8,2.6,3.4,7.8,1.0,0.2,2.9,1.5,19.7
Juwan Morgan,PF,23,UTA,15,0,4.7,0.4,0.9,.429,0.2,0.7,.300,0.2,0.3,.750,.536,0.1,0.3,.200,0.3,0.7,0.9,0.3,0.2,0.0,0.1,0.8,1.1
Marcus Morris,PF,31,LAC,29,2,24.4,4.3,9.7,.441,2.3,5.0,.465,2.0,4.7,.416,.560,1.3,1.5,.886,0.7,3.0,3.7,0.9,0.5,0.3,0.9,1.8,12.2
Markieff Morris,PF,31,LAL,32,8,17.4,1.9,4.6,.412,0.9,2.8,.333,1.0,1.8,.534,.514,0.7,1.0,.710,0.7,3.2,3.9,1.0,0.2,0.3,0.6,1.6,5.4
Monte Morris,PG,25,DEN,36,10,27.2,4.0,8.5,.471,1.1,3.2,.351,2.9,5.3,.542,.536,1.3,1.8,.762,0.2,2.0,2.2,3.4,0.7,0.3,0.7,1.0,10.4
Mychal Mulder,PG,26,GSW,34,2,10.6,1.4,3.2,.435,1.1,2.7,.409,0.3,0.4,.600,.611,0.2,0.4,.533,0.0,0.9,0.9,0.4,0.2,0.2,0.2,0.8,4.1
Dejounte Murray,PG,24,SAS,34,34,31.1,6.5,14.4,.451,1.0,3.2,.321,5.4,11.1,.488,.487,1.7,2.1,.803,0.6,6.4,6.9,5.3,1.6,0.1,1.6,2.1,15.6
Jamal Murray,PG,23,DEN,36,36,35.3,7.7,16.3,.473,2.6,6.6,.390,5.2,9.8,.528,.551,2.9,3.4,.847,0.7,3.4,4.1,4.6,1.2,0.3,2.3,2.1,20.9
Mike Muscala,C,29,OKC,34,0,18.6,3.4,7.7,.441,2.0,5.4,.368,1.4,2.4,.605,.568,0.9,1.0,.914,0.6,3.2,3.8,0.8,0.2,0.3,0.6,1.6,9.7
Sviatoslav Mykhailiuk,SF,23,DET,36,5,17.6,2.3,6.2,.377,1.6,4.8,.333,0.8,1.4,.519,.504,0.7,0.8,.800,0.3,1.8,2.1,1.6,0.8,0.2,1.1,0.9,6.9
Abdel Nader,SF,27,PHO,21,0,15.0,2.4,4.8,.495,0.7,1.8,.405,1.7,3.0,.547,.569,1.2,1.4,.833,0.2,2.3,2.5,0.8,0.5,0.3,0.7,1.2,6.7
Larry Nance Jr.,PF,28,CLE,20,19,33.2,3.7,7.7,.484,1.3,3.4,.388,2.4,4.3,.558,.569,0.7,1.2,.565,1.4,5.3,6.7,3.1,1.9,0.6,1.5,2.1,9.4
Aaron Nesmith,SF,21,BOS,18,0,15.6,1.4,3.5,.397,0.9,2.7,.354,0.4,0.8,.533,.532,0.4,0.7,.667,0.6,1.9,2.4,0.4,0.2,0.3,0.6,2.1,4.2
Raul Neto,PG,28,WAS,32,6,20.7,3.0,6.9,.436,1.0,2.6,.393,2.0,4.3,.463,.511,0.9,1.1,.824,0.4,1.8,2.3,2.3,1.1,0.1,0.8,1.4,7.9
Georges Niang,PF,27,UTA,37,0,13.4,2.0,4.6,.430,1.2,3.2,.375,0.8,1.4,.558,.561,0.1,0.1,1.000,0.3,1.9,2.2,0.7,0.4,0.1,0.6,1.5,5.4
Zeke Nnaji,PF,20,DEN,24,1,10.5,1.3,2.5,.508,0.6,1.5,.417,0.7,1.0,.640,.631,0.2,0.3,.714,0.5,1.0,1.5,0.2,0.1,0.1,0.2,0.7,3.4
Nerlens Noel,C,26,NYK,34,12,22.2,2.1,3.4,.598,0.0,0.1,.000,2.1,3.4,.609,.598,0.6,1.0,.667,2.2,3.8,6.0,0.6,0.9,2.0,1.2,2.6,4.8
Jaylen Nowell,SG,21,MIN,24,0,17.6,3.7,8.2,.452,1.4,3.5,.400,2.3,4.7,.491,.538,1.3,1.5,.838,0.5,1.7,2.2,1.3,0.5,0.2,0.7,1.8,10.1
Frank Ntilikina,PG,22,NYK,11,2,13.5,1.6,3.7,.439,1.2,2.1,.565,0.5,1.6,.278,.598,0.3,0.6,.429,0.1,0.8,0.9,0.7,0.9,0.0,0.5,1.5,4.7
Kendrick Nunn,PG,25,MIA,30,18,29.8,5.4,11.8,.459,2.0,5.7,.359,3.4,6.1,.552,.545,1.2,1.3,.923,0.5,2.8,3.3,2.8,1.2,0.3,1.7,1.8,14.0
Jusuf Nurkić,C,26,POR,12,12,23.3,4.2,8.6,.485,0.3,1.0,.250,3.9,7.6,.516,.500,1.3,2.3,.556,1.9,5.8,7.7,2.8,0.9,0.9,1.9,2.8,9.8
David Nwaba,SF,28,HOU,29,9,22.8,3.6,7.4,.488,0.6,2.2,.270,3.0,5.2,.579,.528,1.6,2.3,.697,1.3,2.5,3.8,1.0,1.0,0.7,0.6,2.0,9.4
Jordan Nwora,SF,22,MIL,10,0,8.2,1.7,3.7,.459,0.8,1.6,.500,0.9,2.1,.429,.568,0.9,1.0,.900,0.1,1.4,1.5,0.0,0.4,0.2,1.0,0.9,5.1
Royce O'Neale,SF,27,UTA,37,37,32.7,2.6,5.9,.445,1.7,4.2,.413,0.9,1.7,.524,.592,0.7,0.8,.833,1.3,5.6,6.9,2.6,0.8,0.5,1.2,2.9,7.6
Semi Ojeleye,PF,26,BOS,34,6,19.0,1.9,4.4,.417,1.2,3.1,.383,0.6,1.3,.500,.553,0.6,0.8,.714,0.6,2.3,2.9,0.8,0.3,0.0,0.4,1.2,5.5
Jahlil Okafor,C,25,DET,12,0,10.0,2.1,3.5,.595,0.0,0.3,.000,2.1,3.3,.641,.595,0.1,0.2,.500,1.1,1.2,2.3,0.3,0.2,0.2,0.3,0.8,4.3
Chuma Okeke,PF,22,ORL,22,1,22.3,1.7,4.6,.376,0.9,2.4,.358,0.9,2.2,.396,.470,0.4,0.6,.615,0.9,2.6,3.5,2.0,0.8,0.4,0.7,0.9,4.7
Josh Okogie,SG,22,MIN,31,20,19.3,1.6,4.5,.348,0.4,1.8,.211,1.2,2.7,.440,.390,1.2,1.5,.792,0.9,1.6,2.5,1.2,0.8,0.5,0.7,2.0,4.8
Onyeka Okongwu,C,20,ATL,18,1,9.9,1.3,2.2,.600,0.0,0.1,.000,1.3,2.2,.615,.600,0.5,0.8,.600,0.8,1.8,2.6,0.3,0.4,0.6,0.4,1.6,3.2
Isaac Okoro,SG,20,CLE,32,32,33.1,2.9,7.3,.403,0.9,3.0,.295,2.1,4.3,.478,.464,1.1,1.7,.679,0.9,1.7,2.6,1.8,1.1,0.5,1.5,3.1,7.9
KZ Okpala,PF,21,MIA,21,8,11.2,0.9,2.2,.383,0.4,1.3,.321,0.4,0.9,.474,.479,0.1,0.3,.333,0.5,1.2,1.8,0.4,0.2,0.2,0.5,1.5,2.2
Victor Oladipo,SG,28,TOT,25,25,32.8,7.2,18.3,.396,2.4,7.6,.323,4.8,10.7,.448,.463,3.2,4.2,.760,0.3,4.8,5.2,4.7,1.5,0.4,2.3,2.3,20.1
Kelly Olynyk,C,29,MIA,37,32,26.9,3.9,8.8,.441,1.9,5.8,.333,1.9,3.0,.649,.551,0.6,0.9,.750,0.9,5.1,6.0,2.2,0.8,0.6,1.3,2.8,10.3
Miye Oni,SG,23,UTA,27,0,7.7,0.5,1.4,.368,0.5,1.2,.394,0.0,0.2,.200,.539,0.2,0.2,.833,0.5,1.2,1.7,0.2,0.1,0.1,0.3,1.1,1.7
Cedi Osman,SF,25,CLE,36,15,25.8,3.8,10.4,.366,1.9,6.0,.323,1.9,4.4,.427,.460,1.2,1.5,.811,0.7,2.9,3.6,2.6,0.9,0.1,1.1,2.1,10.8
Daniel Oturu,C,21,LAC,10,0,4.2,0.9,1.5,.600,0.0,0.1,.000,0.9,1.4,.643,.600,0.2,0.2,1.000,0.5,0.9,1.4,0.4,0.0,0.3,0.2,0.6,2.0
Kelly Oubre Jr.,SF,25,GSW,36,36,30.4,5.8,13.3,.438,1.7,5.3,.318,4.1,7.9,.519,.502,2.1,2.9,.726,1.4,4.5,5.9,1.4,1.1,0.8,1.3,2.2,15.4
Jabari Parker,PF,25,SAC,2,0,12.5,2.0,3.5,.571,0.0,0.5,.000,2.0,3.0,.667,.571,0.0,0.0,,0.5,2.5,3.0,0.5,0.0,0.5,1.5,2.0,4.0
Eric Paschall,PF,24,GSW,35,2,17.6,3.8,7.7,.491,0.4,1.3,.283,3.4,6.4,.534,.515,1.7,2.4,.718,0.7,2.5,3.2,1.3,0.3,0.2,1.1,1.7,9.7
Anžejs Pasečņiks,C,25,WAS,1,0,6.0,0.0,1.0,.000,0.0,1.0,.000,0.0,0.0,,.000,0.0,0.0,,1.0,0.0,1.0,1.0,0.0,0.0,5.0,2.0,0.0
Patrick Patterson,PF,31,LAC,11,1,12.8,1.5,3.6,.425,1.0,2.7,.367,0.5,0.9,.600,.563,0.4,0.5,.667,0.4,1.8,2.2,0.5,0.3,0.1,0.6,1.2,4.5
Justin Patton,C,23,HOU,8,4,22.8,2.8,5.9,.468,0.9,2.9,.304,1.9,3.0,.625,.543,0.4,0.5,.750,1.0,3.4,4.4,0.9,1.4,1.4,0.4,3.0,6.8
Chris Paul,PG,35,PHO,36,36,31.8,5.9,12.4,.479,1.5,3.9,.390,4.4,8.4,.520,.540,2.5,2.6,.947,0.4,4.3,4.7,8.8,1.2,0.3,2.4,2.6,15.8
Cameron Payne,PG,26,PHO,26,0,16.5,2.7,5.3,.500,1.1,2.3,.459,1.6,3.0,.532,.601,0.6,0.6,.938,0.1,1.8,1.9,3.6,0.6,0.2,1.0,1.7,7.0
Elfrid Payton,PG,26,NYK,34,34,28.1,5.2,12.0,.437,0.5,1.9,.250,4.8,10.1,.472,.457,1.6,2.2,.737,1.3,2.5,3.8,3.7,0.7,0.2,1.8,1.9,12.6
Norvel Pelle,C,27,TOT,4,0,8.0,0.8,2.0,.375,0.0,0.0,,0.8,2.0,.375,.375,0.8,1.0,.750,1.0,1.0,2.0,0.3,0.0,0.8,0.8,2.5,2.3
Reggie Perry,PF,20,BRK,14,0,10.5,1.5,3.6,.412,0.1,0.9,.167,1.4,2.8,.487,.431,0.4,0.6,.667,1.2,2.4,3.6,0.9,0.1,0.4,0.8,1.9,3.6
Theo Pinson,SG,25,NYK,13,0,2.2,0.1,0.6,.125,0.0,0.5,.000,0.1,0.1,1.000,.125,0.0,0.0,,0.0,0.2,0.2,0.1,0.0,0.0,0.1,0.2,0.2
Mason Plumlee,C,30,DET,36,36,28.0,4.3,7.1,.606,0.0,0.2,.000,4.3,6.9,.621,.606,1.8,2.8,.660,2.8,6.3,9.1,3.9,0.8,0.8,2.1,3.5,10.4
Jakob Poeltl,C,25,SAS,34,16,23.9,3.0,4.9,.607,0.0,0.0,,3.0,4.9,.607,.607,0.5,1.4,.347,3.0,4.3,7.3,1.9,0.6,1.5,1.2,2.2,6.5
Vincent Poirier,C,27,PHI,8,0,3.5,0.3,1.0,.250,0.0,0.1,.000,0.3,0.9,.286,.250,0.3,0.5,.500,0.4,0.5,0.9,0.3,0.0,0.3,0.3,0.4,0.8
Aleksej Pokusevski,PF,19,OKC,19,2,18.7,1.5,6.1,.252,0.6,3.6,.176,0.9,2.5,.362,.304,0.2,0.2,1.000,0.5,3.4,3.9,1.4,0.4,1.1,1.4,1.1,3.9
Jordan Poole,SG,21,GSW,17,0,11.1,2.4,5.1,.471,1.2,3.2,.364,1.2,1.9,.656,.586,1.2,1.3,.955,0.1,1.3,1.4,1.1,0.2,0.2,0.5,0.9,7.2
Kevin Porter Jr.,G,20,HOU,2,1,33.5,8.0,18.0,.444,1.0,7.0,.143,7.0,11.0,.636,.472,3.0,4.0,.750,0.0,4.0,4.0,9.0,2.0,1.5,3.5,2.5,20.0
Michael Porter Jr.,SF,22,DEN,28,21,28.6,5.6,10.9,.515,2.4,5.6,.430,3.2,5.3,.605,.626,1.5,2.0,.750,1.4,5.8,7.1,0.8,0.8,1.0,1.1,2.4,15.1
Otto Porter,SF,27,CHI,18,6,22.3,3.6,8.5,.425,1.6,4.1,.392,2.0,4.4,.456,.520,1.7,2.0,.833,1.1,4.8,5.9,1.9,0.6,0.2,1.0,1.5,10.5
Bobby Portis,C,25,MIL,38,2,21.5,4.6,8.5,.540,1.1,2.3,.488,3.5,6.2,.559,.606,0.7,0.9,.714,1.8,5.2,7.0,1.1,0.8,0.4,0.8,1.9,10.9
Kristaps Porziņģis,C,25,DAL,22,22,30.2,7.8,16.1,.486,2.3,6.3,.370,5.5,9.8,.560,.558,2.8,3.3,.836,1.9,6.6,8.5,1.3,0.4,1.5,1.2,3.0,20.7
Dwight Powell,C,29,DAL,25,8,15.1,1.3,2.9,.452,0.0,0.4,.111,1.3,2.6,.500,.459,1.8,2.4,.754,1.1,2.4,3.5,0.8,0.5,0.3,0.7,2.4,4.5
Norman Powell,SG,27,TOR,36,25,29.8,6.3,12.9,.485,2.7,6.1,.443,3.6,6.9,.522,.589,3.4,3.8,.891,0.4,2.6,3.0,1.8,1.2,0.1,1.8,2.2,18.7
Taurean Prince,PF,26,TOT,29,10,21.4,2.7,7.2,.380,1.3,3.5,.386,1.4,3.7,.374,.474,1.6,1.8,.849,0.5,3.1,3.6,1.7,0.7,0.7,1.1,1.8,8.3
Payton Pritchard,SG,23,BOS,31,1,21.1,2.8,6.2,.451,1.4,3.4,.400,1.5,2.8,.511,.560,0.5,0.6,.944,0.5,1.7,2.3,2.3,0.6,0.2,1.1,1.9,7.5
Immanuel Quickley,PG,21,NYK,35,0,19.3,3.9,9.8,.395,1.9,4.9,.380,2.0,4.9,.409,.490,3.0,3.2,.920,0.5,1.9,2.3,2.4,0.5,0.3,1.0,2.0,12.5
Jahmi'us Ramsey,SG,19,SAC,5,0,3.4,0.6,1.0,.600,0.2,0.6,.333,0.4,0.4,1.000,.700,0.0,0.0,,0.0,0.8,0.8,0.2,0.0,0.2,0.2,0.0,1.4
Chasson Randle,PG,27,ORL,10,0,21.8,2.0,4.9,.408,1.1,3.3,.333,0.9,1.6,.563,.520,0.5,0.7,.714,0.2,1.8,2.0,3.1,0.4,0.1,1.0,2.3,5.6
Julius Randle,PF,26,NYK,39,39,36.6,8.2,17.0,.480,1.9,4.5,.412,6.3,12.4,.505,.535,4.7,5.9,.800,1.4,9.6,11.0,5.7,0.8,0.3,3.3,3.1,22.9
Cam Reddish,SF,21,ATL,26,21,28.8,3.7,10.1,.365,1.3,4.8,.262,2.4,5.3,.460,.428,2.6,3.2,.817,0.8,3.2,4.0,1.3,1.3,0.3,1.3,2.6,11.2
J.J. Redick,SG,36,NOP,31,0,18.6,2.8,6.9,.407,1.6,4.5,.364,1.2,2.4,.486,.526,1.5,1.5,.957,0.1,1.6,1.7,1.3,0.3,0.1,0.8,1.2,8.7
Paul Reed,PF,21,PHI,5,0,11.0,1.8,4.4,.409,0.0,0.6,.000,1.8,3.8,.474,.409,0.0,0.0,,1.4,0.6,2.0,0.6,0.2,0.8,1.0,0.8,3.6
Naz Reid,C,21,MIN,36,13,20.5,4.7,9.0,.520,0.9,2.7,.337,3.8,6.3,.599,.571,1.6,2.2,.734,1.1,3.6,4.7,1.3,0.6,1.3,1.1,3.0,11.9
Nick Richards,PF,23,CHO,9,0,3.1,0.3,0.7,.500,0.0,0.0,,0.3,0.7,.500,.500,0.7,1.0,.667,0.2,0.6,0.8,0.0,0.0,0.0,0.1,0.4,1.3
Josh Richardson,SG,27,DAL,28,28,31.8,4.8,10.8,.444,1.7,5.3,.320,3.1,5.5,.561,.522,2.3,2.5,.929,0.9,2.3,3.2,2.8,0.9,0.3,1.5,2.7,13.6
Austin Rivers,SG,28,NYK,21,2,21.0,2.8,6.4,.430,1.3,3.7,.364,1.4,2.8,.517,.533,0.5,0.7,.714,0.2,2.0,2.2,2.0,0.6,0.0,1.0,1.5,7.3
Andre Roberson,SG,29,BRK,5,0,12.6,0.4,2.8,.143,0.2,1.6,.125,0.2,1.2,.167,.179,0.2,0.4,.500,1.4,1.6,3.0,0.8,0.6,0.2,0.4,0.8,1.2
Duncan Robinson,SF,26,MIA,38,38,33.0,4.2,9.8,.426,3.3,8.4,.392,0.9,1.4,.630,.594,1.1,1.3,.840,0.1,3.8,3.9,1.6,0.5,0.2,1.3,2.4,12.8
Glenn Robinson III,SF,27,SAC,23,2,16.0,1.8,4.3,.424,0.7,1.9,.364,1.1,2.4,.473,.505,0.9,1.0,.913,0.5,1.5,2.0,0.9,0.2,0.1,0.5,1.0,5.3
Jerome Robinson,SG,23,WAS,13,3,17.0,1.7,5.2,.328,0.7,2.4,.290,1.0,2.8,.361,.396,1.2,1.3,.882,0.2,2.4,2.5,1.4,0.5,0.2,0.8,1.6,5.2
Mitchell Robinson,C,22,NYK,27,27,28.8,3.8,5.8,.660,0.0,0.0,,3.8,5.8,.660,.660,0.8,1.7,.478,3.6,4.8,8.4,0.5,1.2,1.5,0.8,2.9,8.4
Isaiah Roby,PF,22,OKC,32,13,21.4,3.4,6.3,.532,0.6,1.8,.339,2.8,4.6,.605,.579,1.3,1.8,.724,1.5,3.8,5.3,1.8,0.8,0.6,1.4,2.7,8.7
Rajon Rondo,PG,34,ATL,22,2,14.8,1.6,4.0,.398,0.8,1.9,.415,0.8,2.1,.383,.494,0.0,0.1,.500,0.2,2.0,2.2,3.4,0.6,0.1,1.3,0.8,4.0
Derrick Rose,PG,32,TOT,25,3,23.5,5.0,11.7,.430,0.9,2.4,.377,4.1,9.3,.444,.469,2.5,3.0,.851,0.3,1.9,2.2,4.5,1.2,0.4,1.9,1.2,13.5
Terrence Ross,SG,29,ORL,35,2,29.5,5.6,13.6,.410,2.1,6.1,.344,3.5,7.5,.462,.486,2.3,2.6,.900,0.3,3.1,3.5,2.2,1.1,0.5,1.7,1.8,15.5
Terry Rozier,SG,26,CHO,35,35,33.1,7.3,15.1,.486,3.4,7.8,.432,3.9,7.3,.543,.598,2.3,2.8,.825,0.5,3.2,3.7,3.2,1.4,0.3,2.0,1.9,20.3
Ricky Rubio,PG,30,MIN,36,21,25.6,2.7,6.8,.390,0.8,2.4,.318,1.9,4.5,.429,.445,1.9,2.3,.831,0.4,2.7,3.1,6.5,1.3,0.0,2.1,2.2,8.0
D'Angelo Russell,PG,24,MIN,20,19,29.2,7.0,16.3,.426,3.0,7.4,.399,4.0,8.9,.449,.517,2.4,3.2,.750,0.5,2.2,2.6,5.1,1.1,0.5,2.7,2.0,19.3
Domantas Sabonis,PF,24,IND,37,37,36.6,7.8,14.9,.527,0.9,2.7,.327,6.9,12.1,.572,.557,4.2,5.9,.719,2.5,8.7,11.2,6.2,1.1,0.6,3.4,3.5,20.8
Luka Šamanić,PF,21,SAS,11,1,9.5,1.4,3.2,.429,0.7,1.9,.381,0.6,1.3,.500,.543,0.4,0.7,.500,0.5,2.2,2.7,0.2,0.3,0.2,0.5,0.9,3.8
JaKarr Sampson,PF,27,IND,15,0,6.5,1.0,2.1,.469,0.1,0.3,.200,0.9,1.8,.519,.484,0.5,0.7,.800,0.5,1.4,1.9,0.1,0.1,0.2,0.4,0.7,2.6
Dario Šarić,C,26,PHO,19,0,18.8,4.2,8.5,.497,1.4,3.5,.388,2.8,4.9,.574,.578,1.9,2.2,.902,0.8,3.3,4.1,1.3,0.7,0.2,1.3,2.2,11.7
Tomáš Satoranský,SG,29,CHI,25,0,20.7,2.5,4.8,.521,0.8,1.8,.432,1.8,3.1,.571,.599,1.2,1.3,.909,0.3,2.2,2.5,4.4,0.5,0.2,1.5,1.1,7.0
Dennis Schröder,SG,27,LAL,34,34,31.3,5.2,11.9,.436,1.0,3.1,.318,4.2,8.7,.478,.478,3.4,4.2,.824,0.5,3.0,3.5,4.5,1.0,0.3,2.4,2.7,14.8
Mike Scott,PF,32,PHI,19,4,17.8,1.6,3.7,.423,1.2,2.9,.400,0.4,0.8,.500,.577,0.1,0.3,.400,0.2,2.5,2.7,0.4,0.5,0.1,0.6,0.9,4.4
Collin Sexton,SG,22,CLE,32,32,36.2,8.8,18.2,.484,1.6,4.2,.391,7.2,14.0,.511,.528,4.8,5.9,.809,0.7,1.9,2.6,4.3,1.2,0.1,2.8,2.8,23.9
Landry Shamet,SG,23,BRK,35,0,20.1,2.7,6.7,.402,1.9,5.0,.385,0.8,1.7,.450,.545,1.0,1.2,.854,0.2,1.7,1.9,1.1,0.4,0.1,0.7,1.3,8.3
Iman Shumpert,SG,30,BRK,2,0,5.5,0.5,2.0,.250,0.0,1.5,.000,0.5,0.5,1.000,.250,0.0,0.0,,0.5,0.0,0.5,0.0,0.5,0.0,0.5,0.0,1.0
Pascal Siakam,PF,26,TOR,30,30,35.8,7.4,16.3,.453,1.2,4.1,.295,6.2,12.3,.505,.490,4.1,5.0,.819,1.9,5.5,7.5,4.8,1.2,0.7,2.2,3.1,20.1
Chris Silva,PF,24,MIA,8,0,9.4,1.0,1.4,.727,0.1,0.1,1.000,0.9,1.3,.700,.773,1.4,1.9,.733,0.9,2.3,3.1,0.8,0.1,0.6,1.1,2.1,3.5
Ben Simmons,PG,24,PHI,31,31,33.9,6.2,10.7,.578,0.1,0.2,.286,6.1,10.5,.585,.581,3.6,5.4,.671,1.7,6.2,7.9,7.6,1.6,0.7,3.4,3.1,16.1
Anfernee Simons,SG,21,POR,34,0,16.9,2.8,7.0,.397,2.0,4.9,.411,0.7,2.0,.362,.542,0.6,0.8,.846,0.2,2.2,2.4,1.4,0.2,0.1,0.8,1.8,8.2
Deividas Sirvydis,SG,20,DET,5,0,1.6,0.0,0.6,.000,0.0,0.6,.000,0.0,0.0,,.000,0.2,0.4,.500,0.0,0.2,0.2,0.2,0.0,0.0,0.0,0.2,0.2
Marcus Smart,PG,26,BOS,18,17,31.7,4.3,10.8,.402,1.7,5.3,.326,2.6,5.5,.475,.482,3.0,3.9,.761,0.5,2.2,2.7,5.8,1.7,0.6,1.7,2.4,13.4
Dennis Smith Jr.,PG,23,TOT,16,7,18.6,2.8,7.3,.379,1.0,3.1,.327,1.8,4.2,.418,.448,0.7,0.9,.786,0.7,2.0,2.7,3.2,1.1,0.6,1.1,1.6,7.2
Ish Smith,PG,32,WAS,19,1,20.6,2.3,6.1,.379,0.3,1.1,.250,2.1,5.1,.406,.401,0.3,0.8,.400,0.5,2.9,3.5,4.7,0.8,0.2,1.0,0.9,5.2
Jalen Smith,PF,20,PHO,11,0,5.2,0.6,1.7,.368,0.2,0.7,.250,0.5,1.0,.455,.421,0.0,0.2,.000,0.5,0.5,1.0,0.2,0.0,0.2,0.1,0.4,1.5
Tony Snell,SG,29,ATL,25,8,18.9,1.8,3.7,.500,1.5,2.6,.569,0.4,1.1,.333,.701,0.1,0.1,1.000,0.4,1.7,2.2,1.2,0.1,0.3,0.5,1.4,5.2
Ray Spalding,C,23,HOU,2,0,9.5,1.0,2.0,.500,0.0,0.5,.000,1.0,1.5,.667,.500,0.0,1.0,.000,1.0,1.0,2.0,0.0,0.0,1.0,1.5,1.5,2.0
Cassius Stanley,SG,21,IND,8,0,2.9,0.3,0.9,.286,0.1,0.3,.500,0.1,0.6,.200,.357,0.5,0.6,.800,0.3,0.1,0.4,0.0,0.0,0.3,0.1,0.9,1.1
Lamar Stevens,PF,23,CLE,25,0,13.9,1.6,3.8,.406,0.1,0.7,.118,1.5,3.2,.468,.417,0.9,1.4,.676,0.5,2.0,2.5,0.9,0.4,0.3,0.6,1.4,4.1
Isaiah Stewart,C,19,DET,36,2,18.6,2.4,4.3,.564,0.1,0.2,.333,2.4,4.2,.573,.571,0.6,0.9,.676,2.4,3.5,5.9,0.7,0.6,1.0,0.9,2.5,5.6
Max Strus,SF,24,MIA,19,0,14.9,2.5,5.4,.456,1.6,4.5,.365,0.8,0.9,.889,.607,0.5,0.7,.714,0.1,0.9,1.1,0.5,0.2,0.0,0.2,1.3,7.1
Edmond Sumner,SG,25,IND,24,4,11.6,1.8,3.6,.506,0.4,1.2,.345,1.4,2.4,.586,.563,0.9,1.2,.759,0.3,1.0,1.4,0.4,0.6,0.1,0.9,1.3,5.0
Jae'Sean Tate,SF,25,HOU,36,24,27.6,4.1,7.7,.529,0.6,2.1,.303,3.4,5.6,.615,.571,1.2,1.6,.729,1.8,3.4,5.3,1.6,1.0,0.5,1.2,3.1,9.9
Jayson Tatum,SF,22,BOS,32,32,35.8,9.1,20.6,.442,2.6,7.1,.370,6.5,13.5,.480,.506,4.3,4.9,.861,0.6,6.4,7.0,4.4,1.3,0.5,2.5,1.9,25.1
Jeff Teague,PG,32,BOS,29,4,18.0,2.1,5.5,.377,0.7,1.6,.435,1.4,3.9,.354,.440,1.6,1.8,.865,0.2,1.4,1.6,2.1,0.8,0.2,1.1,1.2,6.4
Garrett Temple,SG,34,CHI,35,12,27.9,3.1,7.4,.425,1.3,3.8,.343,1.8,3.6,.512,.514,0.9,1.1,.816,0.6,2.6,3.1,2.0,0.9,0.5,1.0,2.3,8.5
Tyrell Terry,PG,20,DAL,11,0,5.1,0.5,1.5,.313,0.0,0.6,.000,0.5,0.8,.556,.313,0.1,0.3,.333,0.0,0.5,0.5,0.5,0.5,0.0,0.2,0.2,1.0
Daniel Theis,C,28,BOS,35,30,24.4,3.7,6.6,.570,0.8,2.2,.368,2.9,4.4,.669,.630,1.2,1.8,.677,1.3,3.8,5.1,1.3,0.7,1.1,1.0,2.9,9.5
Brodric Thomas,SG,24,TOT,5,0,5.8,0.6,1.8,.333,0.4,1.4,.286,0.2,0.4,.500,.444,1.0,1.4,.714,0.2,0.8,1.0,0.8,0.2,0.2,0.8,1.2,2.6
Matt Thomas,SG,26,TOR,23,0,7.2,0.9,2.3,.377,0.6,1.5,.371,0.3,0.8,.389,.500,0.3,0.3,.857,0.1,0.7,0.8,0.4,0.1,0.0,0.3,0.3,2.6
Tristan Thompson,PF,29,BOS,35,30,22.7,3.3,6.1,.535,0.0,0.1,.000,3.3,6.1,.542,.535,1.4,2.3,.600,3.1,5.2,8.3,1.0,0.3,0.4,0.9,2.1,7.9
Sindarius Thornwell,SG,26,NOP,13,1,5.1,0.5,1.5,.368,0.2,0.7,.333,0.3,0.8,.400,.447,0.0,0.2,.000,0.1,0.3,0.4,0.3,0.4,0.1,0.2,0.2,1.3
Matisse Thybulle,SG,23,PHI,35,4,18.5,1.4,3.3,.410,0.6,1.9,.294,0.8,1.4,.571,.496,0.2,0.4,.571,0.5,1.1,1.6,1.0,1.5,0.9,0.4,2.1,3.5
Killian Tillie,C,22,MEM,2,0,10.5,0.5,2.0,.250,0.5,1.0,.500,0.0,1.0,.000,.375,0.0,0.0,,0.5,0.5,1.0,0.0,0.5,0.0,0.5,2.5,1.5
Xavier Tillman Sr.,PF,22,MEM,29,7,19.9,2.9,5.6,.509,0.3,1.2,.278,2.5,4.4,.575,.540,0.7,0.9,.760,1.4,3.1,4.5,1.6,0.9,0.6,0.9,2.4,6.7
Obi Toppin,PF,22,NYK,29,0,12.8,2.0,4.0,.504,0.5,1.6,.311,1.5,2.4,.629,.565,0.4,0.5,.733,0.5,2.1,2.6,0.6,0.3,0.3,0.6,1.1,4.9
Juan Toscano-Anderson,SG,27,GSW,24,13,20.6,2.2,4.0,.558,0.6,1.5,.417,1.6,2.5,.644,.637,0.5,0.8,.722,0.7,3.7,4.4,2.3,0.5,0.5,1.1,2.1,5.6
Karl-Anthony Towns,C,25,MIN,18,18,32.6,8.1,16.4,.492,1.9,5.2,.362,6.2,11.2,.552,.549,4.3,4.7,.918,2.9,7.7,10.7,3.8,0.8,1.7,3.1,3.7,22.3
Gary Trent Jr.,SG,22,POR,35,22,31.3,5.5,13.2,.418,3.1,7.6,.401,2.5,5.6,.441,.534,1.1,1.5,.769,0.6,1.5,2.1,1.5,0.8,0.1,0.7,1.5,15.2
P.J. Tucker,PF,35,HOU,32,32,30.0,1.5,4.1,.366,0.8,2.7,.314,0.7,1.4,.467,.469,0.6,0.7,.783,1.0,3.6,4.6,1.4,0.9,0.6,1.0,2.8,4.4
Myles Turner,C,24,IND,35,35,31.3,4.7,9.6,.490,1.4,4.5,.316,3.3,5.1,.644,.564,2.6,3.3,.789,1.4,5.1,6.5,1.0,1.0,3.3,1.3,3.5,13.4
Jonas Valančiūnas,C,28,MEM,29,28,27.7,6.6,12.0,.546,0.3,1.0,.333,6.2,11.0,.566,.560,2.5,3.3,.753,3.6,8.0,11.6,1.8,0.6,0.7,2.0,3.0,16.0
Denzel Valentine,SG,27,CHI,32,3,19.2,3.0,8.0,.376,1.6,4.5,.345,1.4,3.4,.418,.475,0.2,0.2,1.000,0.4,3.7,4.1,1.8,0.7,0.0,0.6,1.2,7.8
Jarred Vanderbilt,PF,21,MIN,36,19,18.9,2.4,4.0,.604,0.0,0.1,.500,2.4,3.9,.606,.608,1.0,1.8,.554,1.9,4.0,5.8,1.6,1.1,0.7,1.1,2.1,5.9
Fred VanVleet,SG,26,TOR,34,34,36.7,6.6,16.6,.400,3.4,8.8,.383,3.3,7.9,.419,.501,3.5,3.9,.894,0.7,3.8,4.4,6.6,1.7,0.8,2.0,2.4,20.1
Devin Vassell,SF,20,SAS,27,1,17.4,2.0,4.9,.402,1.0,2.5,.403,1.0,2.4,.400,.504,0.7,0.8,.857,0.6,2.6,3.2,1.1,1.1,0.3,0.4,1.3,5.6
Gabe Vincent,PG,24,MIA,25,5,15.0,2.1,5.7,.364,0.9,3.6,.258,1.2,2.2,.537,.444,0.8,0.8,.905,0.1,1.0,1.1,1.2,0.5,0.1,0.8,1.8,5.8
Noah Vonleh,PF,25,BRK,4,0,2.8,0.0,0.8,.000,0.0,0.5,.000,0.0,0.3,.000,.000,0.0,0.0,,0.0,0.3,0.3,0.3,0.0,0.0,0.5,0.5,0.0
Nikola Vučević,C,30,ORL,38,38,33.8,9.9,20.3,.488,2.6,6.4,.413,7.3,14.0,.522,.552,2.2,2.5,.854,2.0,9.7,11.7,3.7,0.9,0.6,1.7,1.7,24.6
Dean Wade,PF,24,CLE,29,5,11.5,1.1,2.7,.423,0.8,1.9,.400,0.4,0.8,.478,.564,0.3,0.4,.667,0.5,1.6,2.1,0.7,0.2,0.3,0.4,0.8,3.3
Moritz Wagner,C,23,WAS,24,13,14.7,2.5,4.9,.500,0.5,1.7,.300,2.0,3.3,.603,.551,1.5,2.0,.771,0.5,2.5,3.0,1.2,0.9,0.3,0.8,2.4,7.0
Kemba Walker,PG,30,BOS,21,21,30.2,6.1,15.7,.389,2.9,8.0,.357,3.2,7.7,.422,.480,3.0,3.3,.914,0.4,3.2,3.6,4.4,1.0,0.4,2.2,1.3,18.1
Lonnie Walker,SG,22,SAS,32,27,26.9,4.2,10.4,.404,1.8,4.9,.359,2.4,5.5,.443,.488,1.0,1.3,.780,0.2,2.7,2.9,1.7,0.5,0.4,1.1,2.1,11.1
John Wall,PG,30,HOU,25,25,31.7,7.5,17.7,.424,2.0,6.0,.340,5.5,11.7,.468,.482,4.0,5.3,.744,0.4,2.8,3.2,6.0,0.9,0.7,3.3,1.2,21.0
Brad Wanamaker,PG,31,GSW,37,0,16.2,1.6,4.4,.358,0.4,1.5,.232,1.2,2.9,.425,.398,1.3,1.5,.891,0.2,1.5,1.7,2.7,0.7,0.2,0.9,1.4,4.8
T.J. Warren,SF,27,IND,4,4,29.3,6.8,12.8,.529,0.0,1.8,.000,6.8,11.0,.614,.529,2.0,2.5,.800,0.5,3.0,3.5,1.3,0.5,0.0,1.0,4.0,15.5
P.J. Washington,PF,22,CHO,33,33,29.3,4.4,9.8,.451,1.4,3.6,.390,3.0,6.2,.485,.522,2.4,3.0,.798,1.5,4.9,6.4,2.9,1.1,1.2,2.2,2.7,12.6
Yuta Watanabe,SF,26,TOR,24,1,12.0,0.9,2.8,.318,0.5,1.5,.371,0.3,1.3,.258,.417,0.4,0.4,.900,0.8,2.3,3.1,0.4,0.4,0.5,0.3,1.0,2.7
Tremont Waters,PG,23,BOS,10,1,9.8,1.0,3.1,.323,0.6,1.5,.400,0.4,1.6,.250,.419,0.7,0.8,.875,0.2,0.6,0.8,3.0,0.6,0.0,1.3,0.6,3.3
Paul Watson,SF,26,TOR,18,0,6.8,0.9,2.0,.444,0.7,1.5,.444,0.2,0.5,.444,.611,0.0,0.0,,0.1,1.0,1.1,0.3,0.2,0.1,0.1,0.7,2.4
Quinndary Weatherspoon,SG,24,SAS,5,0,4.8,0.2,1.0,.200,0.0,0.2,.000,0.2,0.8,.250,.200,0.4,0.4,1.000,0.0,0.4,0.4,0.6,0.2,0.0,1.2,1.4,0.8
Russell Westbrook,PG,32,WAS,30,30,34.4,8.2,18.8,.439,1.2,4.0,.308,7.0,14.8,.474,.472,3.4,6.0,.572,1.6,7.8,9.4,9.8,1.2,0.3,4.7,2.9,21.1
Coby White,PG,20,CHI,36,36,33.0,5.9,14.1,.415,2.4,6.8,.357,3.4,7.3,.470,.501,1.9,2.1,.896,0.5,4.4,4.9,5.0,0.4,0.1,2.3,2.6,16.1
Derrick White,SG,26,SAS,10,6,24.1,4.2,10.6,.396,1.7,5.2,.327,2.5,5.4,.463,.476,1.6,2.0,.800,0.1,1.4,1.5,3.4,0.8,0.9,1.2,2.3,11.7
Hassan Whiteside,C,31,SAC,23,1,14.6,3.5,6.0,.580,0.0,0.0,.000,3.5,6.0,.584,.580,1.3,2.4,.545,1.6,4.2,5.7,0.5,0.3,1.3,1.0,1.8,8.3
Greg Whittington,PF,27,DEN,3,0,3.7,0.0,1.0,.000,0.0,0.7,.000,0.0,0.3,.000,.000,0.0,0.0,,0.0,0.0,0.0,0.0,0.0,0.0,0.0,0.0,0.0
Andrew Wiggins,PF,25,GSW,38,38,32.1,6.5,14.0,.462,1.7,5.0,.349,4.7,9.1,.523,.523,2.3,3.3,.683,1.1,3.5,4.6,2.2,0.8,1.1,1.8,2.3,16.9
Grant Williams,PF,22,BOS,29,6,18.4,1.9,4.0,.462,0.9,2.1,.419,1.0,1.9,.509,.573,0.5,1.0,.517,1.0,2.0,3.0,0.9,0.5,0.4,0.9,2.8,5.1
Kenrich Williams,PF,26,OKC,38,6,19.1,2.7,4.8,.555,0.6,1.4,.396,2.1,3.4,.620,.613,0.4,0.8,.552,1.3,2.7,3.9,1.7,0.8,0.2,0.9,1.8,6.3
Lou Williams,PG,34,LAC,36,3,22.4,4.5,10.6,.428,1.1,2.8,.400,3.4,7.8,.438,.480,2.4,2.8,.860,0.4,1.9,2.3,3.7,0.9,0.1,1.6,1.0,12.6
Patrick Williams,PF,19,CHI,35,35,28.3,3.7,7.9,.464,0.9,2.3,.400,2.8,5.7,.490,.522,1.5,1.9,.779,0.9,3.7,4.6,1.2,0.7,0.7,1.5,2.2,9.8
Robert Williams,C,23,BOS,30,0,16.1,3.0,4.2,.706,0.0,0.0,.000,3.0,4.2,.712,.706,0.8,1.3,.641,2.3,3.5,5.8,1.2,0.9,1.6,0.9,1.8,6.8
Zion Williamson,PF,20,NOP,36,36,32.6,9.8,16.0,.614,0.2,0.5,.316,9.6,15.4,.624,.619,5.7,8.2,.693,2.8,4.4,7.1,3.3,0.9,0.7,2.5,2.4,25.5
D.J. Wilson,PF,24,MIL,12,0,8.8,1.3,3.6,.372,0.8,2.3,.357,0.5,1.3,.400,.488,0.1,0.2,.500,0.3,1.8,2.1,0.3,0.1,0.3,0.3,1.1,3.6
Dylan Windler,SF,24,CLE,23,0,18.9,2.2,4.9,.455,1.0,2.9,.348,1.2,2.0,.609,.558,0.9,1.1,.808,0.8,3.3,4.1,1.2,0.7,0.4,1.0,1.3,6.3
Justise Winslow,SF,24,MEM,8,0,22.3,3.9,10.4,.373,0.4,2.4,.158,3.5,8.0,.438,.392,0.9,1.5,.583,0.9,4.8,5.6,2.3,0.4,0.8,1.5,2.8,9.0
Cassius Winston,PG,22,WAS,7,0,7.1,0.7,1.6,.455,0.6,1.1,.500,0.1,0.4,.333,.636,0.3,0.3,1.000,0.0,0.7,0.7,1.0,0.0,0.1,0.1,0.6,2.3
James Wiseman,C,19,GSW,27,17,20.5,4.9,9.4,.520,0.4,1.0,.393,4.5,8.4,.535,.541,1.7,2.7,.616,1.4,4.6,6.0,0.6,0.3,1.0,1.5,3.1,11.9
Christian Wood,C,25,HOU,17,17,31.2,8.8,15.7,.558,1.9,4.5,.421,6.9,11.2,.613,.618,2.6,3.8,.688,1.8,8.4,10.2,1.3,0.9,1.5,1.8,1.9,22.0
Robert Woodard,SF,21,SAC,6,0,2.8,1.0,1.8,.545,0.2,0.5,.333,0.8,1.3,.625,.591,0.0,0.3,.000,0.5,0.8,1.3,0.0,0.0,0.0,0.2,0.0,2.2
Delon Wright,SG,28,DET,31,26,29.1,3.8,8.0,.470,1.0,2.5,.392,2.8,5.5,.506,.532,2.0,2.6,.778,1.1,3.5,4.5,4.8,1.4,0.5,1.2,1.2,10.6
Thaddeus Young,PF,32,CHI,32,0,25.1,5.6,9.3,.605,0.2,0.7,.227,5.4,8.6,.635,.613,0.8,1.5,.531,2.5,3.6,6.1,4.3,1.3,0.6,1.9,2.6,12.2
Trae Young,PG,22,ATL,36,36,34.7,7.8,18.1,.433,2.6,6.7,.380,5.3,11.4,.465,.504,8.5,9.8,.872,0.7,3.4,4.1,9.3,0.9,0.3,4.4,2.1,26.7
Cody Zeller,C,28,CHO,20,17,23.5,4.1,7.9,.522,0.2,1.0,.158,4.0,6.9,.572,.532,1.6,2.1,.780,2.6,5.0,7.5,2.3,0.7,0.6,1.1,2.5,10.0
Ivica Zubac,C,23,LAC,39,1,19.7,3.1,4.7,.659,0.0,0.0,.000,3.1,4.7,.663,.659,1.9,2.4,.826,2.4,4.5,6.9,1.1,0.4,0.8,1.0,2.5,8.2
